date,open,high,low,close,volume,ema,atr,rsi,MACD_12_26_9,MACDh_12_26_9,MACDs_12_26_9
1619395200,1.20909,1.20979,1.20909,1.20947,239,,,,,,
1619398800,1.20948,1.20968,1.20906,1.20921,494,,,,,,
1619402400,1.2092,1.20946,1.20891,1.20891,343,,,,,,
1619406000,1.20892,1.21051,1.20888,1.21032,859,,,,,,
1619409600,1.21031,1.21117,1.21031,1.21101,888,,,,,,
1619413200,1.211,1.21134,1.21069,1.21133,666,,,,,,
1619416800,1.21132,1.21167,1.21092,1.211,858,,,,,,
1619420400,1.21101,1.2113,1.21071,1.2108,475,,,,,,
1619424000,1.21081,1.21118,1.21065,1.21065,571,,,,,,
1619427600,1.21066,1.21151,1.20919,1.20926,1448,,,,,,
1619431200,1.20925,1.2103,1.20888,1.20971,1546,,,,,,
1619434800,1.20971,1.21027,1.209,1.20996,1520,,,,,,
1619438400,1.20995,1.21091,1.2095,1.20961,1146,,,,,,
1619442000,1.20962,1.20988,1.2092,1.20921,946,,0.000998571428571436,,,,
1619445600,1.2092,1.2093,1.2081,1.20823,1165,,0.0010254285714285899,33.81592957342062,,,
1619449200,1.20824,1.20859,1.20766,1.20805,1382,,0.001012704761904791,32.52520216532632,,,
1619452800,1.20805,1.20825,1.20615,1.20665,1996,,0.0011576774603174844,24.645757818583753,,,
1619456400,1.20664,1.20871,1.20654,1.20808,1655,,0.0012926537989418206,40.50114584600285,,,
1619460000,1.20809,1.20829,1.20729,1.20823,1008,,0.0012536332924162597,41.88253404998229,,,
1619463600,1.20824,1.20894,1.20803,1.20893,599,,0.0012078155200940873,47.95515689529099,,,
1619467200,1.20891,1.20892,1.20832,1.20862,347,,0.0011281067840815421,45.678838396376925,,,
1619470800,1.20863,1.20935,1.20863,1.20917,382,,0.001075025879537323,50.195828228007066,,,
1619474400,1.20916,1.20927,1.20852,1.20896,502,,0.0010316890955990171,48.536287527998894,,,
1619478000,1.20895,1.20919,1.20862,1.20919,392,,0.0009701305495191428,50.46781544918485,,,
1619481600,1.20906,1.20906,1.20834,1.20858,186,,0.0009541131429165928,45.581564292091095,,,
1619485200,1.20858,1.20872,1.2082,1.20821,323,,0.0008962313905277238,42.87028519922676,-0.0005337410465240389,,
1619488800,1.20822,1.20831,1.20793,1.20796,260,,0.000827400538457367,41.09174944994013,-0.0005571409556497375,,
1619492400,1.20795,1.20839,1.2075,1.20791,715,,0.0008357471333297257,40.727824261543034,-0.0005731136370941137,,
1619496000,1.20792,1.20808,1.2069,1.20722,848,,0.0008816475155524234,35.9907311303077,-0.0006341393717061994,,
1619499600,1.20723,1.20744,1.20652,1.20657,537,,0.0008867611801454379,32.19216378197671,-0.0007265767492885544,,
1619503200,1.20658,1.20717,1.20658,1.2069,364,,0.000848526356126067,35.891550247321845,-0.0007643943328725644,,
1619506800,1.20691,1.20745,1.20687,1.20728,292,,0.0008127228419758985,39.954002075918865,-0.0007549990569584164,,
1619510400,1.20728,1.20762,1.20704,1.20752,362,,0.0007816931297124488,42.4350952180066,-0.0007198888087984745,,
1619514000,1.20753,1.20799,1.20663,1.20696,1032,,0.0008588007124174297,38.443525840599705,-0.0007288492832167037,-6.297781187128123e-05,-0.0006658714713454225
1619517600,1.20695,1.20756,1.20651,1.20701,1360,,0.0008842939507617718,38.995283757330526,-0.0007235750192056134,-4.6162838288152635e-05,-0.0006774121809174608
1619521200,1.20701,1.20714,1.20573,1.20582,1290,,0.00095438809066022,31.710187596748362,-0.0008061256668414618,-0.00010297078873920077,-0.000703154878102261
1619524800,1.20582,1.20689,1.20569,1.20644,1010,,0.0009871363452388694,38.18931030020142,-0.0008121567934296081,-8.720153226187755e-05,-0.0007249552611677306
1619528400,1.20645,1.2085,1.20645,1.20836,1150,,0.001130184832540347,53.04613124882854,-0.0006544642938226541,5.639277387606116e-05,-0.0007108570676987153
1619532000,1.20835,1.20918,1.20782,1.20879,1113,,0.0011608268548683044,55.61896450616286,-0.0004891557622923592,0.00017736104432508496,-0.0006665168066174442
1619535600,1.2088,1.20888,1.20756,1.20816,1295,,0.0011820499408858622,51.19300290355206,-0.00040432251665145635,0.00020975543197279027,-0.0006140779486242466
1619539200,1.20817,1.20895,1.20733,1.20838,1766,,0.0012404432821010746,52.61117044088245,-0.0003157002015008459,0.0002387021976987206,-0.0005544023991995665
1619542800,1.20839,1.20899,1.20757,1.20806,1749,,0.0012643841778209282,50.32080383601763,-0.0002681961061379301,0.0002289650344493091,-0.0004971611405872392
1619546400,1.20805,1.20838,1.20758,1.20782,905,,0.0012024662874447927,48.61152760001374,-0.000247066731068335,0.00020007552761512338,-0.00044714225868345837
1619550000,1.20783,1.20783,1.20694,1.20706,722,,0.0011608041157854946,43.565033488515844,-0.0002883235827253472,0.000127054940766489,-0.0004153785234918362
1619553600,1.20707,1.20826,1.20707,1.208,763,,0.0011660302336807444,50.420702134714084,-0.00024237583308095445,0.00013840215232870546,-0.0003807779854096599
1619557200,1.20799,1.20895,1.20793,1.20879,862,,0.001146559535856648,55.331854318794086,-0.0001405948231534282,0.0001921465298049854,-0.0003327413529584136
1619560800,1.20879,1.20895,1.20855,1.20883,482,,0.0010470182644090893,55.57182549071498,-5.605876325964765e-05,0.00022134607175901272,-0.00027740483501866037
1619564400,1.20883,1.20907,1.20865,1.20907,325,,0.0009634158291545556,57.062337502524954,2.9957337947861262e-05,0.0002458897383732173,-0.00021593240042535605
1619568000,1.20905,1.20926,1.20852,1.20883,287,,0.0009336270519339433,55.072593415083084,7.78621769230714e-05,0.00023503566187874197,-0.00015717348495567057
1619571600,1.20885,1.20911,1.20868,1.20886,349,,0.0008664767783427416,55.282497024053754,0.000116900302308931,0.00021925902981168128,-0.00010235872750275027
1619575200,1.20886,1.20906,1.20881,1.20893,163,,0.0007842798745637206,55.801390996806035,0.00015173757658781817,0.00020327704327245476,-5.1539466684636596e-05
1619578800,1.20892,1.20892,1.20783,1.20783,652,,0.0008263758912885713,46.64215907634123,8.95532464464388e-05,0.00011287417050486033,-2.332092405842152e-05
1619582400,1.20783,1.20812,1.20752,1.20785,874,,0.0007961924391167827,46.81309790358912,4.1408221447269966e-05,5.1783316404553195e-05,-1.0375094957283225e-05
1619586000,1.20785,1.20849,1.20772,1.20793,601,,0.000792700113901233,47.53709936953871,9.597638084057891e-06,1.5978186433072893e-05,-6.380548349015002e-06
1619589600,1.20793,1.20793,1.20762,1.20763,365,,0.0007283400987144063,45.06000832629783,-3.936618236410894e-05,-2.6388507212075148e-05,-1.297767515203379e-05
1619593200,1.20763,1.20763,1.20724,1.20726,269,,0.000683228085552471,42.14323730195653,-0.00010679520200462811,-7.505402148207545e-05,-3.1741180522552656e-05
1619596800,1.20726,1.2074,1.20707,1.20709,300,,0.0006361310074788003,40.83532400274608,-0.00017196842021838243,-0.00011218179175666383,-5.978662846171861e-05
1619600400,1.20708,1.20783,1.20594,1.20594,1203,,0.0008033135398149533,33.30527661083459,-0.00031280819608148214,-0.0002024172540958108,-0.00011039094198567133
1619604000,1.20594,1.20772,1.20562,1.20735,1536,,0.000976205067839625,46.36456389025758,-0.00030710935157451935,-0.0001573747276710784,-0.00014973462390344095
1619607600,1.20736,1.20795,1.20705,1.20746,1330,,0.0009660443921276914,47.232627843729674,-0.0002903696944642764,-0.00011250805644866835,-0.00017786163801560806
1619611200,1.20746,1.20768,1.20648,1.20662,1251,,0.0009972384731773446,41.68450758521153,-0.00034095406915590765,-0.00013047394491223964,-0.000210480124243668
1619614800,1.20661,1.20741,1.20649,1.20667,1046,,0.0009869400100870364,42.12032565998681,-0.0003727115813030313,-0.00012978516564749062,-0.00024292641565554066
1619618400,1.20666,1.20741,1.20644,1.20725,1259,,0.0009846813420754498,47.062597103122464,-0.0003470775913179125,-8.332094052989746e-05,-0.00026375665078801503
1619622000,1.20725,1.20744,1.20619,1.20681,1327,,0.001020057163132053,43.99358080969877,-0.00035813839584442064,-7.550539604512445e-05,-0.0002826329997992962
1619625600,1.20679,1.20738,1.20574,1.20716,1412,,0.001102716208047761,46.956730821380944,-0.00033480269117602823,-4.173575310138561e-05,-0.0002930669380746426
1619629200,1.20718,1.20997,1.20689,1.20885,2431,,0.0013663540469747225,58.40128936862834,-0.00017788950157915373,9.21419491963911e-05,-0.0002700314507755448
1619632800,1.20885,1.21023,1.20883,1.20979,1320,,0.001370840174044739,63.16218302318204,2.2061168350795413e-05,0.0002336740953010722,-0.00021161292695027678
1619636400,1.20977,1.20977,1.20886,1.20903,746,,0.0013120614841720907,57.438421519260714,0.00011783948617782869,0.00026356193050248436,-0.0001457224443246557
1619640000,1.20902,1.20908,1.20787,1.20842,861,,0.0012984532862824697,53.26611375562275,0.00014287560998926807,0.00023087844345113902,-8.800283346187095e-05
1619643600,1.20844,1.21344,1.20662,1.21242,4302,,0.002034659514778147,69.11108204511355,0.00047995091371610954,0.0004543629977423844,2.5587915973725156e-05
1619647200,1.21238,1.21295,1.21079,1.21294,2072,,0.002051371579474386,70.51083067821686,0.0007800532067931965,0.000603572232655577,0.00017648097413761944
1619650800,1.21295,1.21305,1.21209,1.21233,747,,0.001905855368877811,66.69281605661253,0.000957625622089564,0.0006249157183615557,0.0003327099037280084
1619654400,1.21233,1.21255,1.21222,1.21246,146,,0.0016957413196940952,67.10165662749058,0.0010962065671555887,0.0006107973307420643,0.00048540923641352446
1619658000,1.21247,1.21327,1.21237,1.21323,517,,0.0015896424770682322,69.49047725671755,0.0012537135005588063,0.0006146434113162254,0.0006390700892425808
1619661600,1.21324,1.21352,1.21301,1.21348,227,,0.0014456901467924694,70.24590040875925,0.0013827720552130884,0.0005949615727764061,0.0007878104824366823
1619665200,1.21349,1.21418,1.21338,1.21418,423,,0.001359598127220158,72.31305355217324,0.0015239686771764127,0.0005889265557917843,0.0009350421213846284
1619668800,1.21418,1.21496,1.21392,1.21465,712,,0.0013169850435907945,73.63739120307463,0.0016547185242736795,0.0005757411223112408,0.0010789774019624387
1619672400,1.21465,1.21481,1.21358,1.21373,666,,0.0013053870377786676,66.89248875806608,0.0016649103586177105,0.0004687463653242174,0.0011961639932934931
1619676000,1.21372,1.21379,1.21239,1.21258,554,,0.0013180020994081581,59.54984270901296,0.0015621841848572071,0.00029281615325097115,0.001269368031606236
1619679600,1.21259,1.21333,1.21256,1.21317,352,,0.0012449351528203954,61.86277632373392,0.0015109635736787475,0.00019327643365800906,0.0013176871400207384
1619683200,1.21318,1.21366,1.21313,1.2135,368,,0.0011496104657776653,63.13256793457712,0.0014799392934259359,0.000129801722724158,0.0013501375707017779
1619686800,1.21349,1.21364,1.21168,1.21206,1343,,0.0012576624036739715,54.59099888532968,0.001323895321223123,-2.0993799582924143e-05,0.0013448891208060472
1619690400,1.21205,1.21235,1.2113,1.21155,1403,,0.001229974083184108,51.91216543173879,0.0011458677609932355,-0.00015921708785024934,0.0013050848488434848
1619694000,1.21156,1.21243,1.21112,1.21154,1389,,0.0012406442054262166,51.85843027167007,0.0009925314359013893,-0.0002500427303536764,0.0012425741662550657
1619697600,1.21155,1.21246,1.21141,1.21187,1341,,0.0012152249780360536,53.56655253869479,0.0008874100252354022,-0.00028413131281573075,0.001171541338051133
1619701200,1.21188,1.21226,1.21152,1.21226,1143,,0.0011518616476312415,55.57279337198117,0.0008260481220041527,-0.00027639457283758434,0.001102442694841737
1619704800,1.21226,1.21337,1.2121,1.21289,1215,,0.00116761342794709,58.678688977251646,0.0008188153132389075,-0.0002269019052822635,0.001045717218521171
1619708400,1.2129,1.21354,1.21217,1.21227,1587,,0.0011945983042208237,54.63095066099426,0.0007543586646252542,-0.00023308684311673352,0.0009874455077419878
1619712000,1.21226,1.21265,1.21022,1.21062,2593,,0.001359318530324705,45.61317777129938,0.0005636378297899647,-0.00033904614236161855,0.0009026839721515832
1619715600,1.21062,1.21186,1.21027,1.21111,2402,,0.0013900760596147416,48.340327623345786,0.00044687777024887687,-0.0003646449615221652,0.000811522731771042
1619719200,1.21112,1.21187,1.21072,1.21104,1247,,0.001358065918332774,47.97026596735959,0.0003447224213746214,-0.00037344024831713655,0.0007181626696917579
1619722800,1.21103,1.21216,1.2108,1.21174,1094,,0.0013583237958883785,51.93301074348839,0.0003165981745771873,-0.00032125159609165655,0.0006378497706688439
1619726400,1.21175,1.21217,1.21162,1.21188,471,,0.0012505472897699347,52.70879252818124,0.00030212364304560424,-0.0002685809020985917,0.000570704545144196
1619730000,1.21186,1.21257,1.21127,1.21255,491,,0.0012571409844672576,56.34043828916448,0.00034078748708177287,-0.00018393364644993845,0.0005247211335317113
1619733600,1.21256,1.21292,1.21219,1.21289,442,,0.0011868555198716096,58.09891703095841,0.0003943185616162026,-0.00010432205753240702,0.0004986406191486096
1619737200,1.21288,1.21288,1.21197,1.21205,326,,0.0011512747838887327,52.475510563201375,0.0003647566563469429,-0.0001071071702413334,0.0004718638265882763
1619740800,1.21199,1.21229,1.21166,1.21217,194,,0.0010817714793702525,53.17280504079821,0.0003470114980150818,-9.988186285855562e-05,0.0004468933608736374
1619744400,1.21219,1.21236,1.21198,1.21217,361,,0.0009882019487875585,53.1728050407982,0.00032915404920230706,-9.419144933706428e-05,0.00042334549853937135
1619748000,1.21217,1.21249,1.2121,1.21246,231,,0.0009084416889492324,55.022418527023085,0.00033454603034122066,-7.103957455852062e-05,0.00040558560489974127
1619751600,1.21245,1.2126,1.2118,1.21219,841,,0.0008939827970893229,52.92635112824673,0.00031341956507580093,-7.373283185915227e-05,0.0003871523969349532
1619755200,1.21218,1.21263,1.21203,1.21215,814,,0.0008547850908107674,52.60661856821619,0.0002901048750232338,-7.763801752937557e-05,0.00036774289255260935
1619758800,1.21214,1.21214,1.21173,1.21203,509,,0.0007968137453693433,51.59953243594423,0.00025895969193356905,-8.702656049523223e-05,0.0003459862524288013
1619762400,1.21203,1.21216,1.21153,1.21175,312,,0.0007745719126534187,49.23127567177936,0.00020927090527433911,-0.00010937227772356978,0.0003186431829979089
1619766000,1.21174,1.21189,1.21162,1.21169,234,,0.0007072956576329619,48.71530343432825,0.00016316976580865727,-0.0001243787337514013,0.00028754849956005857
1619769600,1.21168,1.21173,1.21155,1.21173,451,,0.0006369895699485762,49.09831407228014,0.00012838203812703952,-0.00012733316914641528,0.0002557152072734548
1619773200,1.21175,1.21196,1.21104,1.21109,844,,0.0006747242939554371,43.50046012769509,4.8609521702491776e-05,-0.00016568454845677043,0.0002142940701592622
1619776800,1.21108,1.21125,1.20998,1.21019,1239,,0.0007540943880946965,37.0954119539396,-8.623913956085083e-05,-0.00024042656777609046,0.00015418742821523963
1619780400,1.2102,1.2104,1.20944,1.2095,1190,,0.0007815484696820504,33.07459461282477,-0.0002459497529205823,-0.00032010974490865755,7.415999198807525e-05
1619784000,1.20949,1.2098,1.20922,1.20946,897,,0.0007546753403911137,32.852286490089746,-0.00037146718785563415,-0.00035650174387496754,-1.4965443980666633e-05
1619787600,1.20947,1.20976,1.20792,1.208,1151,,0.0008993852950056108,25.98655194754266,-0.0005820410506924834,-0.00045366048536945333,-0.00012838056532303
1619791200,1.20801,1.20891,1.20779,1.20807,948,,0.000928800589004864,26.776685776044353,-0.0007348035808274478,-0.00048513841240353426,-0.00024966516842391353
1619794800,1.20807,1.20872,1.20775,1.20837,1380,,0.0009342938438042042,30.215108923880745,-0.0008221838698980743,-0.0004580149611793286,-0.00036416890871874576
1619798400,1.20838,1.20915,1.20684,1.20749,1820,,0.0011177213312969815,26.312006027062836,-0.0009514740237863695,-0.0004698440920540989,-0.00048162993173227057
1619802000,1.20749,1.20794,1.20354,1.20388,2765,,0.0015553584871240453,16.751950277549557,-0.0013299039275587177,-0.0006786191966611576,-0.00065128473089756
1619805600,1.20389,1.20423,1.2024,1.20299,2789,,0.0015919773555075059,15.278131155570197,-0.001682236143590643,-0.0008247611301544662,-0.0008574750134361768
1619809200,1.203,1.20357,1.20249,1.20267,880,,0.001523713708106501,14.774809791121095,-0.001964636185854296,-0.0008857289379344954,-0.0010789072479198006
1619812800,1.20266,1.20302,1.20195,1.20218,871,,0.0014632185470256215,14.013514765838696,-0.00220258908294535,-0.0008989454680204392,-0.0013036436149249106
1619816400,1.20219,1.20279,1.20184,1.20214,797,,0.0013947894074222062,13.950322498866099,-0.0023671095683250876,-0.0008507727627201415,-0.001516336805604946
1619820000,1.20215,1.20245,1.20167,1.20227,626,,0.001312817486432579,15.287328275052078,-0.0024586614065191803,-0.0007538596807313872,-0.001704801725787793
1619823600,1.20228,1.20249,1.20189,1.20211,462,,0.001217775154908256,14.978850530177532,-0.002515134654032858,-0.0006482663425960516,-0.0018668683114368063
1620000000,1.20302,1.20309,1.20251,1.20279,215,,0.001186071800920486,22.167189859737807,-0.002476472558448961,-0.00048768339760972383,-0.0019887891608392372
1620003600,1.20278,1.20282,1.20247,1.20272,278,,0.0010745955607977644,21.961347668803626,-0.002423543878906642,-0.00034780377445392356,-0.0020757401044527186
1620007200,1.20271,1.203,1.20249,1.20272,299,,0.0009993161526913972,21.961347668803626,-0.0023544568065712035,-0.00022297336169478784,-0.0021314834448764156
1620010800,1.20272,1.20337,1.20204,1.20337,624,,0.0010434073323325513,29.05589591931499,-0.0022216454899943727,-7.212963609436575e-05,-0.002149515853900007
1620014400,1.20337,1.20352,1.20266,1.20272,614,,0.0010189530213548592,26.464882624467304,-0.00214412499421468,4.312687748261358e-06,-0.0021484376819629414
1620018000,1.20274,1.20275,1.20186,1.20195,452,,0.001001759285174219,23.76170255176018,-0.002120379591604271,2.2446472286936307e-05,-0.0021428260638912074
1620021600,1.20196,1.20238,1.20196,1.20225,335,,0.0009255247138176472,26.894762538486148,-0.0020536801497688106,7.131673129791771e-05,-0.0021249968810667283
1620025200,1.20225,1.20228,1.20172,1.20212,359,,0.000876788085308643,26.388681582714877,-0.001988389360298992,0.0001092860166141893,-0.0020976753769131815
1620028800,1.20211,1.20218,1.20163,1.20215,412,,0.0008332163406008308,26.731317784364787,-0.0019121827376629152,0.00014839411140021288,-0.002060576849063128
1620032400,1.20214,1.20394,1.20133,1.20379,1352,,0.0010701208285207203,42.49055246701884,-0.0016998592271910695,0.0002885740974976469,-0.0019884333246887164
1620036000,1.20379,1.20417,1.20322,1.20356,1510,,0.0010541047180512918,41.153667743310635,-0.001532484861696659,0.00036475877039364576,-0.0018972436320903049
1620039600,1.20355,1.20492,1.20314,1.20473,1331,,0.0011508907556444386,49.80536973128193,-0.0012905535512754973,0.00048535206465184625,-0.0017759056159273436
1620043200,1.20474,1.20555,1.20464,1.20511,1120,,0.0011187719882251757,52.26032739254148,-0.0010559856750052,0.0005759359527377152,-0.001631921627742915
1620046800,1.20511,1.20573,1.20486,1.20572,683,,0.0010856023897951425,55.982077504933855,-0.0008115124309187038,0.0006563273574593691,-0.001467839788378073
1620050400,1.20571,1.20575,1.20454,1.20454,816,,0.0011021887378224776,48.16048042476773,-0.000704856613689353,0.000610386539750976,-0.001315243153440329
1620054000,1.20455,1.20535,1.2042,1.20428,1153,,0.0011085635727794785,46.615052929760985,-0.0006340025504620872,0.0005449924823825935,-0.0011789950328446807
1620057600,1.20429,1.20601,1.20425,1.20578,1428,,0.0011954217630755458,55.48918631132322,-0.00045160688781442637,0.0005819105160242036,-0.00103351740383863
1620061200,1.2058,1.20756,1.20573,1.20735,2172,,0.001280032194665473,62.51310781504452,-0.00017831562063652662,0.0006841614265616828,-0.0008624770471982094
1620064800,1.20734,1.20755,1.20586,1.20586,864,,0.0013346945687100725,53.831125869669165,-8.102684298294527e-05,0.0006251601633722113,-0.0007061870063551566
1620068400,1.20586,1.20604,1.20514,1.2053,569,,0.0012767352928820498,50.96618066823177,-4.8552423533632094e-05,0.0005261076662572196,-0.0005746600897908517
1620072000,1.20529,1.2065,1.20515,1.20605,570,,0.0012865039204977716,54.46174396562573,3.727286148813569e-05,0.0004895463610231899,-0.0004522734995350542
1620075600,1.20604,1.2067,1.206,1.20665,533,,0.0012083033977647547,57.096776846210474,0.00015195337982154555,0.00048338150348527985,-0.0003314281236637343
1620079200,1.20664,1.20664,1.20612,1.20635,442,,0.0011178629447294434,55.37153148823173,0.0002161395023922985,0.00043805410084482625,-0.00022191459845252774
1620082800,1.20635,1.20646,1.20611,1.20623,201,,0.0010154812187655273,54.66006557449219,0.00025439199725685313,0.0003810452765675047,-0.00012665327931065157
1620086400,1.20624,1.2064,1.20606,1.2063,95,,0.000925417056263458,55.023108913027684,0.00028704689212522005,0.0003309601371486973,-4.391324502347725e-05
1620090000,1.20628,1.20632,1.20585,1.20593,349,,0.000864694782094993,52.62452909742943,0.0002798443522968874,0.0002590060778562917,2.083827444059569e-05
1620093600,1.20591,1.20595,1.20569,1.20587,146,,0.0007840688111490138,52.22693693499334,0.0002662259025474345,0.00019631010248547106,6.991580006196345e-05
1620097200,1.20588,1.206,1.20531,1.20555,431,,0.000771526302995793,50.05484058416186,0.0002269951980140572,0.00012566351836167501,0.00010133167965238221
1620100800,1.20556,1.20561,1.20466,1.20467,452,,0.0007953227959296882,44.565719285079766,0.00012347262098066913,1.7712753062629544e-05,0.00010575986791803959
1620104400,1.20468,1.20485,1.20424,1.20444,461,,0.0007706130898057297,43.23132212139232,2.2610515088450356e-05,-6.65194822636714e-05,8.912999735212175e-05
1620108000,1.20445,1.20447,1.2039,1.20393,267,,0.000743864677831627,40.346512151242486,-9.735393271981252e-05,-0.00014918714405754742,5.18332113377349e-05
1620111600,1.20394,1.20425,1.20373,1.20404,384,,0.0007140160541207535,41.25701621295294,-0.00018145879715403268,-0.00018663360679341406,5.174809639381385e-06
1620115200,1.20404,1.20406,1.2034,1.20361,403,,0.000706813913571304,38.76610273599785,-0.00027958700949271,-0.0002278094553056731,-5.1777554187036894e-05
1620118800,1.20362,1.20388,1.20322,1.20328,905,,0.0007005720584284774,36.92365297361642,-0.00037960669711400996,-0.0002622633143415785,-0.00011734338277243151
1620122400,1.20329,1.20354,1.20071,1.2016,1857,,0.000984495783971362,29.291247891946995,-0.0005876607920070054,-0.0003762539273876591,-0.0002114068646193463
1620126000,1.20159,1.20218,1.20022,1.20033,1468,,0.0011145630127751753,25.07208472802896,-0.0008452796892364223,-0.0005070982596936608,-0.0003381814295427615
1620129600,1.20032,1.2011,1.19992,1.2008,1135,,0.0011232879444051465,29.139969139573108,-0.0009999921621171026,-0.0005294485860594729,-0.00047054357605762974
1620133200,1.2008,1.20147,1.20037,1.20115,988,,0.0011201828851511405,32.096431945739575,-0.0010818894880251229,-0.0004890767295739945,-0.0005928127584511284
1620136800,1.20114,1.20214,1.20082,1.20199,1485,,0.0011468251671309868,38.706163385547285,-0.001066716287662306,-0.000379122823368942,-0.000687593464293364
1620140400,1.20199,1.203,1.20161,1.20257,1631,,0.0011792484781801887,42.843227992465394,-0.0009964043353818397,-0.0002470486968707805,-0.0007493556385110592
1620144000,1.20258,1.20297,1.2017,1.20242,1712,,0.0011913486810895108,42.05269986098224,-0.0009419274002859801,-0.00015405740941993663,-0.0007878699908660435
1620147600,1.20241,1.20329,1.20167,1.20326,2302,,0.00124850219027757,47.855244498351155,-0.0008215032784837373,-2.6906630094154955e-05,-0.0007945966483895823
1620151200,1.20325,1.20354,1.2002,1.2014,2849,,0.0015273685649072435,38.63084963471325,-0.0008661681029580315,-5.725716365475935e-05,-0.0008089109393032721
1620154800,1.20141,1.20242,1.20116,1.20172,1315,,0.0014917194229196163,40.74697122376087,-0.0008657639842077902,-4.548243592361438e-05,-0.0008202815482841758
1620158400,1.20174,1.20225,1.20144,1.20189,1091,,0.0014008234998636644,41.89327709437133,-0.0008420198571617021,-1.7390647102020996e-05,-0.0008246292100596811
1620162000,1.2019,1.20233,1.20113,1.20113,754,,0.0013740470332151583,38.32377532442671,-0.0008744480213602746,-3.985504904047469e-05,-0.0008345929723197999
1620165600,1.20112,1.20154,1.20095,1.20152,849,,0.0012695074287864825,41.09731301517213,-0.0008587783719846698,-1.9348319731895885e-05,-0.0008394300522527739
1620169200,1.20151,1.202,1.20148,1.20154,344,,0.0011695731049482653,41.24323617662613,-0.0008351194914542059,3.448448638854445e-06,-0.0008385679400930604
1620172800,1.20147,1.20147,1.20087,1.20117,240,,0.001102963357621823,39.303354870404284,-0.0008365819697682131,1.58877625987795e-06,-0.000838170746028091
1620176400,1.20118,1.20157,1.20113,1.20157,337,,0.001014568243272246,42.45455734310115,-0.0007962852565412959,3.3508391589436135e-05,-0.000829793648130732
1620180000,1.20158,1.20162,1.20132,1.20143,209,,0.0009192924775026089,41.63971774444681,-0.0007668073728843705,5.0389020197089194e-05,-0.0008171963930814597
1620183600,1.20144,1.20206,1.20141,1.20196,444,,0.0008833868138355701,45.87496271140386,-0.0006926944170519977,9.960158082356963e-05,-0.0007922959978755674
1620187200,1.20195,1.20219,1.20182,1.20216,418,,0.0008149352386574916,47.425475366981644,-0.0006107803414903135,0.00014521252510820326,-0.0007559928665985167
1620190800,1.20216,1.20228,1.20197,1.20208,366,,0.0007476105401698304,46.847370006617545,-0.0005460239536114742,0.0001679751303896341,-0.0007139990840011083
1620194400,1.20207,1.20264,1.20203,1.20239,344,,0.0007292624681471862,49.42029984905241,-0.0004643370519559209,0.00019972962563614993,-0.0006640666775920708
1620198000,1.20239,1.20254,1.2022,1.20222,242,,0.0006773608057275624,48.04676633461972,-0.00040860700590727994,0.00020436773734783275,-0.0006129747432551127
1620201600,1.20222,1.20222,1.20121,1.20121,377,,0.0007217126982972148,40.792814169001666,-0.0004408571748901746,0.00013769405469195046,-0.0005785512295821251
1620205200,1.20121,1.20157,1.19941,1.19997,1395,,0.0009134843385242449,34.00489116478456,-0.000560017766829457,1.4826770202134394e-05,-0.0005748445370315914
1620208800,1.19996,1.20046,1.19862,1.19943,1913,,0.0010370197600543542,31.543293688209598,-0.0006900721591829306,-9.218209772107137e-05,-0.0005978900614618593
1620212400,1.19941,1.19964,1.19871,1.19964,1328,,0.0010227504587137868,33.55762550182061,-0.0007673504191838543,-0.00013556828617759592,-0.0006317821330062584
1620216000,1.19963,1.20041,1.19933,1.20038,833,,0.0010303837308852778,40.231589043598056,-0.0007601199913309653,-0.0001026702866597655,-0.0006574497046711998
1620219600,1.20039,1.20194,1.20039,1.20161,1337,,0.0011009992334339083,49.34034360520851,-0.00064767313200087,7.821258136263862e-06,-0.0006554943901371338
1620223200,1.20162,1.20184,1.20068,1.20092,962,,0.001108866002309394,45.18058785742976,-0.0006072355854374045,3.860704375978341e-05,-0.0006458426291971879
1620226800,1.20092,1.20111,1.19917,1.19973,1784,,0.001219683868668119,39.063808717101765,-0.0006635624582387312,-1.417586323323452e-05,-0.0006493865950054966
1620230400,1.19972,1.20092,1.19945,1.1998,1895,,0.0012530593528457142,39.58197980150546,-0.0006945471881174559,-3.612847448956739e-05,-0.0006584187136278885
1620234000,1.19981,1.20117,1.19939,1.20042,1810,,0.0013233181057996344,44.11484362141584,-0.0006614492165055719,-2.4244023021466766e-06,-0.0006590248142034252
1620237600,1.20041,1.20058,1.19981,1.20018,1033,,0.0012495423583596748,42.7769540318448,-0.0006471251736015482,9.519712481501682e-06,-0.0006566448860830499
1620241200,1.20019,1.20027,1.19925,1.19935,633,,0.0012189367105783877,38.435640184987996,-0.0006947388132225729,-3.0475141711618428e-05,-0.0006642636715109545
1620244800,1.19936,1.20009,1.19914,1.1999,446,,0.0011830784825012702,42.5932485577889,-0.0006802510515213633,-1.2789904008327102e-05,-0.0006674611475130362
1620248400,1.19988,1.20018,1.19968,1.19999,443,,0.0010920013515010936,43.2684039120753,-0.0006539686051567628,1.0794033885018765e-05,-0.0006647626390417816
1620252000,1.19998,1.20054,1.19977,1.20032,541,,0.0010490678379676062,45.7861232885075,-0.0005995995248979646,5.213049131505359e-05,-0.0006517300162130182
1620255600,1.20031,1.20058,1.20025,1.20041,255,,0.0009531921262385842,46.48368363611568,-0.0005429901369471413,8.699190341270166e-05,-0.0006299820403598429
1620259200,1.20041,1.20062,1.20033,1.20056,86,,0.0008647665094067895,47.691706914246176,-0.0004804843186159147,0.00011959817739514269,-0.0006000824960110574
1620262800,1.20056,1.20075,1.20042,1.2006,202,,0.0007934643081525431,48.02861142580427,-0.00042284603566566936,0.00014178916827631044,-0.0005646352039419798
1620266400,1.20061,1.20084,1.20038,1.20075,237,,0.0007490024003988581,49.346153992495545,-0.00036090326656612604,0.00016298554990068297,-0.000523888816466809
1620270000,1.20074,1.20096,1.20002,1.20002,504,,0.0007744687470123358,43.558653213613766,-0.00036649336750982364,0.00012591635916558833,-0.000492409726675412
1620273600,1.20001,1.20094,1.19989,1.20093,670,,0.0008112062474106904,51.23644496040166,-0.00029410392104112226,0.0001586446445074318,-0.00045274856554855406
1620277200,1.20094,1.20116,1.19934,1.20001,953,,0.000945712081089256,44.6269631393145,-0.00030742724450827374,0.00011625705683222424,-0.000423684301340498
1620280800,1.20002,1.20007,1.19971,1.1999,664,,0.0008676171369440107,43.897806582218145,-0.0003231372301932822,8.043765691777266e-05,-0.0004035748871110549
1620284400,1.19989,1.20037,1.19983,1.20024,392,1.2065291999999999,0.0008239348520181406,46.7916445021777,-0.00030464064085600207,7.914739700404228e-05,-0.00038378803786004434
1620288000,1.20023,1.20085,1.2002,1.20079,439,1.206472093532338,0.0008007435384157272,51.178691000019455,-0.000242802678943832,0.00011278828713296986,-0.00035559096607680186
1620291600,1.2008,1.20199,1.20051,1.20138,1093,1.2064214259350015,0.0008913110666269537,55.42451942823536,-0.00014452162412426084,0.00016885547356203283,-0.00031337709768629367
1620295200,1.20139,1.20283,1.20124,1.2025,1360,1.206382406771469,0.0009844695910766906,62.153239054754245,2.347090172150068e-05,0.0002694783995262355,-0.00024600749780473484
1620298800,1.2025,1.20443,1.20224,1.20393,1314,1.2063580047140414,0.0011452069789331205,68.65842746474881,0.0002688955769369894,0.0004119224597933794,-0.00014302688285639
1620302400,1.20394,1.20524,1.20365,1.20463,1338,1.2063408106372848,0.0012045127150753685,71.26235571450293,0.0005139559854172582,0.0005255862946189185,-1.1630309201660365e-05
1620306000,1.20464,1.20499,1.20415,1.20415,790,1.2063190115264661,0.0011559110197319796,67.14293246219633,0.0006618072343926862,0.0005387500348754772,0.00012305719951720894
1620309600,1.20416,1.20547,1.20386,1.20511,1524,1.2063069815610288,0.001216456217101064,70.78089207183851,0.0008466843413177383,0.0005789017134404234,0.00026778262787731486
1620313200,1.20512,1.20602,1.20473,1.2057,1548,1.2063009419435062,0.001226262054820924,72.77591472319877,0.001028947780175482,0.0006089321218385338,0.0004200156583369483
1620316800,1.20569,1.20714,1.20481,1.20622,1819,1.2063001365510335,0.001373427114178156,74.43282731539371,0.0012015023515863366,0.0006251893545995105,0.000576312996986826
1620320400,1.20623,1.20678,1.20551,1.20596,1913,1.2062967521077397,0.0013596368322877194,72.07092945540285,0.0013022616043829593,0.0005807588859169066,0.0007215027184660528
1620324000,1.20597,1.20601,1.20483,1.20489,1216,1.2062827545743293,0.0013356852546493514,63.184949081343284,0.001281007325469874,0.00044760368560305694,0.000833403639866817
1620327600,1.20489,1.20536,1.20444,1.20497,640,1.206269692339759,0.0012802605540294422,63.54683473284721,0.0012561385049485452,0.0003381878920653825,0.0009179506128831627
1620331200,1.20498,1.20567,1.20482,1.2056,439,1.2062630287343883,0.0012228924801588523,66.35189272461858,0.0012725958278456684,0.00028371617197000447,0.000988879655875664
1620334800,1.2056,1.20596,1.20535,1.2055,489,1.206255436408673,0.0011411734828043385,65.49044549558481,0.0012630100172628111,0.00021930428910971775,0.0010437057281530934
1620338400,1.2055,1.20643,1.20549,1.20636,447,1.2062564768424178,0.001114350351763752,69.19457149605415,0.0013097104788597491,0.00021280380056532444,0.0010969066782944247
1620342000,1.20635,1.20638,1.20594,1.20631,282,1.20625700941115,0.0010244369715285847,68.73265258808841,0.0013273850800670228,0.00018438272141807835,0.0011430023586489445
1620345600,1.20634,1.20649,1.20571,1.20627,209,1.2062571386707406,0.0009918453753247737,68.33960885616169,0.001322914923405305,0.00014393005180508844,0.0011789848716002166
1620349200,1.20628,1.2063,1.20596,1.20611,272,1.2062556746043651,0.000904932658614805,66.6966508204117,0.0012915731776059758,9.007064480460731e-05,0.0012015025328013685
1620352800,1.2061,1.20659,1.20608,1.20651,173,1.2062582052053168,0.000852274970799499,68.72120186669521,0.001284207728018405,6.616415617362922e-05,0.0012180435718447758
1620356400,1.20651,1.20694,1.20613,1.20635,599,1.2062591185863585,0.0008466383080262296,66.96752432881274,0.0012510386979651678,2.6396100896313585e-05,0.0012246425970688542
1620360000,1.20634,1.20665,1.20596,1.20655,743,1.2062620129287829,0.0008257532002894095,68.0645742725266,0.0012267491308524114,1.685227026845858e-06,0.0012250639038255656
1620363600,1.20656,1.20672,1.20617,1.20659,588,1.2062652764817305,0.000788986106917495,68.291392070987,0.0011969296793443718,-2.2507379584955e-05,0.0012194370589293268
1620367200,1.20658,1.20691,1.20654,1.20678,555,1.2062703981087781,0.0007331212926618265,69.40302451172303,0.0011750833321018117,-3.548298146201223e-05,0.001210566313563824
1620370800,1.20677,1.2069,1.20635,1.20639,248,1.2062715881773474,0.0007087051203069231,64.41139407155053,0.0011134648739250519,-7.768115171101768e-05,0.0011911460256360696
1620374400,1.20639,1.20663,1.20603,1.20609,462,1.2062697813298116,0.0006942111042660209,60.78951428245627,0.001028567621804477,-0.00013006272306527412,0.0011586303448697511
1620378000,1.20608,1.20636,1.2053,1.20579,1005,1.2062650073862313,0.0007429829570305595,57.318541957337196,0.0009263994884129989,-0.00018578468516540188,0.0011121841735784008
1620381600,1.20578,1.20887,1.20566,1.20769,2040,1.206279186417214,0.0010719185627598095,69.2815184917707,0.000987362922497681,-9.985700086457584e-05,0.0010872199233622568
1620385200,1.20768,1.20902,1.20743,1.20871,1235,1.2063033736170428,0.0011409960877251657,73.56511608336459,0.0011052418190311553,1.4417516535118573e-05,0.0010908243024960367
1620388800,1.20873,1.20873,1.20732,1.20782,929,1.2063184644268234,0.0011768632760284948,65.04236569395003,0.0011140045804858278,1.8544222391832926e-05,0.001095460358093995
1620392400,1.20781,1.20866,1.20709,1.20715,939,1.2063267384126262,0.0012292815058913716,59.457838135948066,0.0010547274895402747,-3.2586294842976236e-05,0.001087313784383251
1620396000,1.20715,1.20762,1.20652,1.2066,977,1.206329457433396,0.0012120439717725059,55.26316222630595,0.0009523909939044284,-0.00010793823238305802,0.0010603292262874864
1620399600,1.20661,1.21458,1.20583,1.21288,4391,1.206394636961422,0.002217104775536176,76.04456850793771,0.0013623280301566787,0.00024159904309535379,0.001120728987061325
1620403200,1.21289,1.21323,1.21023,1.21212,4342,1.2064516057478756,0.0023214908054647013,71.703575422734,0.0016073518844264,0.00038929831789206006,0.00121805356653434
1620406800,1.21213,1.21503,1.21182,1.21412,2409,1.206527908178245,0.0024399586980694285,75.64388228642918,0.0019405488997725762,0.0005779962665905889,0.0013625526331819873
1620410400,1.21411,1.21649,1.21394,1.21645,1486,1.2066266354600534,0.0024546308716601782,79.26621033784079,0.002365355120915291,0.0008022419901866432,0.001563113130728648
1620414000,1.21646,1.21646,1.21415,1.2151,1088,1.2067109475450282,0.0024353467554388258,72.53504681384548,0.0025635325862445324,0.0008003355644127072,0.0017631970218318252
1620417600,1.2151,1.21629,1.21498,1.21593,1017,1.2068026794102518,0.002285300521380335,73.99706706729343,0.002755796610804495,0.0007940796711781357,0.0019617169396263594
1620421200,1.21591,1.21651,1.21548,1.21651,831,1.2068992696648762,0.002117927118529635,74.99861819179426,0.002921293534766889,0.0007676612761124235,0.0021536322586544654
1620424800,1.21652,1.21712,1.21634,1.2168,666,1.206997784394579,0.0019395368360590173,75.50660732250375,0.0030407991756515873,0.0007097335335976974,0.00233106564205389
1620428400,1.21678,1.21678,1.21617,1.2162,438,1.2070893487289613,0.0017649319245844992,72.23633407859275,0.003051912721351524,0.0005766776634381072,0.002475235057913417
1620604800,1.21572,1.21709,1.21572,1.21677,147,1.2071856736172304,0.0017122743346399117,73.41435907974018,0.0030713103685939824,0.00047686024854445234,0.00259445012004953
1620608400,1.21678,1.21743,1.21614,1.21674,613,1.2072807415414373,0.0016559710900212587,73.23822370708125,0.003049114105110551,0.00036373118804881605,0.0026853829170617348
1620612000,1.21675,1.21767,1.21675,1.21708,465,1.2073782466007263,0.001559174944685104,73.99958057626404,0.003024098638220618,0.0002709725769271063,0.0027531260612935118
1620615600,1.21706,1.21706,1.216,1.21615,1105,1.2074655277290773,0.0014952849520604194,68.27767394740829,0.0028958489289683254,0.00011417829413985087,0.0027816706348284745
1620619200,1.21615,1.2163,1.21545,1.21582,961,1.2075486568064,0.001409246958452366,66.31811051143661,0.0027360424738107625,-3.650252881416986e-05,0.0027725450026249323
1620622800,1.21581,1.21607,1.21513,1.21513,582,1.2076240930570827,0.0013466806973253759,62.29246124167664,0.0025246152798974464,-0.00019834377818198903,0.0027229590580794354
1620626400,1.21514,1.21563,1.21511,1.21545,341,1.207701962777908,0.0012364566043486693,63.402010505885855,0.002355723714524638,-0.00029378827484383835,0.0026495119893684763
1620630000,1.21547,1.21569,1.21516,1.21516,371,1.207776172103501,0.0011422623904355027,61.632073198788866,0.0021734215055912998,-0.00038087238702174146,0.0025542938926130412
1620633600,1.21516,1.21591,1.21507,1.21515,605,1.2078495435253567,0.0011019607383774294,61.56824709586451,0.002005026082574357,-0.0004394142480309473,0.0024444403306053044
1620637200,1.21516,1.21628,1.21513,1.21604,1466,1.2079310406047064,0.0011083659732604367,65.03846490860137,0.0019212401975032822,-0.0004185601064816179,0.0023398003039849
1620640800,1.21605,1.21609,1.21367,1.21479,1924,1.2079992889568985,0.0012832505101590273,57.22320525809276,0.0017339864106526992,-0.00048465111466576083,0.00221863752531846
1620644400,1.21479,1.2175,1.21399,1.21711,1635,1.2080899427981233,0.0015801504421378402,65.50757560583776,0.0017525882994657849,-0.00037283938068214013,0.002125427680147925
1620648000,1.2171,1.2171,1.21572,1.21644,1202,1.2081730279444105,0.0015547970498527952,61.78611314733234,0.0016937426191974136,-0.00034534804876040943,0.002039090667957823
1620651600,1.21643,1.21712,1.21602,1.21644,1242,1.2082552863728242,0.0014941574432057396,61.78611314733234,0.0016283365435547648,-0.00032860329952244657,0.0019569398430772113
1620655200,1.21643,1.21686,1.21568,1.21633,1246,1.2083356317820497,0.0014522697841116356,61.12492101730334,0.0015497609966146353,-0.000325743077170061,0.0018755040737846963
1620658800,1.21632,1.21742,1.21626,1.2171,1412,1.2084228394260095,0.0014133004795634243,64.02691932793134,0.0015319623658598402,-0.000274833366339885,0.0018067957321997253
1620662400,1.21709,1.2178,1.21556,1.21589,2390,1.2084971395312232,0.0015235270822883038,56.845632070706436,0.001404035092580358,-0.00032220851169549396,0.001726243604275852
1620666000,1.2159,1.21725,1.21528,1.21609,2287,1.208572690381659,0.001583056804649867,57.690343749454044,0.0013037611879589406,-0.00033798593305352925,0.0016417471210124698
1620669600,1.2161,1.21725,1.21557,1.21695,1497,1.2086560466962695,0.001595982564029872,61.206705452991024,0.001278945323221814,-0.0002902414382325248,0.0015691867614543388
1620673200,1.21696,1.2172,1.21584,1.2159,738,1.20872812583362,0.0015645182221592263,55.177105608247246,0.0011611671349152086,-0.0003264157012313042,0.0014875828361465128
1620676800,1.2159,1.21592,1.21493,1.21569,663,1.208797398213385,0.0014879157925379728,54.03068330505697,0.0010389059659010602,-0.0003589414961963622,0.0013978474620974224
1620680400,1.21568,1.21592,1.21427,1.2145,1022,1.2088541405197195,0.0015095270201995672,47.950816463558894,0.0008363491415632751,-0.00044919865642731793,0.001285547797990593
1620684000,1.21451,1.21469,1.21401,1.21409,833,1.208906238624001,0.0013989234175062935,46.02902201759172,0.0006354131778620875,-0.0005201076961028044,0.001155520873964892
1620687600,1.2141,1.21432,1.21284,1.21284,481,1.20894538052824,0.001409733628505474,40.676425045727335,0.0003710284407418829,-0.0006275939465784073,0.0009986223873202902
1620691200,1.21282,1.21326,1.2128,1.21307,134,1.2089864215180088,0.0012831024780380648,42.01261687918668,0.00017800873569595588,-0.0006564909212994675,0.0008344996569954234
1620694800,1.21309,1.21391,1.21309,1.21391,386,1.2090354123486755,0.001224022147632983,46.731588623733494,9.176242848685234e-05,-0.0005941897828068568,0.0006859522112937092
1620698400,1.21392,1.21412,1.21365,1.21401,302,1.209084910733266,0.0011234858612819444,47.281612299065934,3.112201767074829e-05,-0.0005238641548983687,0.000554986172569117
1620702000,1.21403,1.21425,1.21261,1.21277,1141,1.2091215782881588,0.00119235441311103,41.55217734653598,-0.00011566032148890848,-0.0005365171952464204,0.0004208568737575119
1620705600,1.21278,1.21384,1.21263,1.21366,1230,1.2091667367131522,0.0011947071580295505,46.55778673220756,-0.00015834551232374316,-0.0004633619088650041,0.00030501639654126095
1620709200,1.21367,1.21462,1.21352,1.21451,856,1.2092199035120264,0.0011820795369589573,50.8841582704149,-0.00012217755058663293,-0.0003417551577023151,0.00021957760711568218
1620712800,1.21451,1.2149,1.21384,1.21397,703,1.2092671681536977,0.0011658022653644377,48.213795782786015,-0.00013552541474615154,-0.000284082417489467,0.00014855700274331546
1620716400,1.21396,1.21444,1.21392,1.21414,443,1.2093156540427157,0.00107969529664916,49.119074829003615,-0.00013087744034412374,-0.00022354755446995136,9.267011412582762e-05
1620720000,1.21414,1.21469,1.21414,1.21422,550,1.2093644535049772,0.0010090692570959453,49.56588040213486,-0.0001193626177742324,-0.00016962618552004803,5.026356774581563e-05
1620723600,1.21423,1.21437,1.21297,1.21305,1561,1.2094011256094055,0.0010611933561497987,43.54350864380276,-0.00020231410872084687,-0.00020206214117333,-2.5196754751687263e-07
1620727200,1.21304,1.21443,1.21231,1.21413,1980,1.2094481790859288,0.0012023675753298122,49.627652873314105,-0.00017884517303823344,-0.00014287456439257326,-3.597060864566019e-05
1620730800,1.21414,1.21641,1.21411,1.21625,1690,1.209515858896019,0.0013487185652858332,58.97399429014748,1.0697100479850619e-05,3.7334167300408646e-05,-2.6637066820558028e-05
1620734400,1.21624,1.2169,1.21603,1.21656,1407,1.2095859498522776,0.0012848894232477418,60.13868755525408,0.00018380632217684933,0.0001683547111979259,1.5451610978923448e-05
1620738000,1.21655,1.21687,1.21539,1.21611,1139,1.2096508657741454,0.0013109041668146997,57.58314446498623,0.000281441110433045,0.00021279159956329722,6.864951086974776e-05
1620741600,1.21611,1.21713,1.2159,1.2168,1323,1.2097220014380843,0.0013001169445727484,60.364370479197795,0.0004097710315973391,0.00027289721658207305,0.00013687381501526603
1620745200,1.21681,1.21702,1.21592,1.21678,1483,1.2097922302794963,0.0012734346852963955,60.241072461013275,0.0005040492201835445,0.00029374032413462275,0.00021030889604892173
1620748800,1.21679,1.21813,1.21481,1.21719,3213,1.2098658399284565,0.001546310060590208,61.95658334722192,0.0006048762999000257,0.00031565392308088316,0.0002892223768191425
1620752400,1.21718,1.2173,1.21582,1.21615,2473,1.2099283688843923,0.0015374687191781998,55.423920749610275,0.0005940157350068365,0.00024383468655015512,0.00035018104845668135
1620756000,1.21616,1.21716,1.21537,1.21691,1539,1.2099978378507168,0.001571139556621101,58.83938365996833,0.0006393641159594399,0.00023134645400220682,0.00040801766195723305
1620759600,1.21691,1.21705,1.21611,1.21637,1149,1.2100612424492172,0.0014869876157382798,55.58073992713699,0.0006245303504268662,0.0001732101507757065,0.0004513201996511597
1620763200,1.21637,1.21644,1.21548,1.21581,924,1.2101184440168866,0.0014167226003065187,52.34325016800725,0.0005611189346912404,8.783898803206455e-05,0.00047327994665917586
1620766800,1.21582,1.21583,1.21472,1.21525,1017,1.210169504275425,0.0013758262535989755,49.253617181838585,0.00046037074361993113,-1.0327362431395792e-05,0.0004706981060513269
1620770400,1.21524,1.21551,1.21462,1.21486,717,1.2102161758746746,0.0013110494197857863,47.16560568097517,0.0003450794743349306,-0.0001004949053731171,0.0004455743797080477
1620774000,1.21487,1.21495,1.21452,1.2148,299,1.2102617860649765,0.0011935761638143388,46.83663908123777,0.00024603270239542674,-0.0001596333418500968,0.00040566604424552353
1620777600,1.21476,1.21501,1.21456,1.21487,207,1.2103076389399519,0.001094432675305739,47.2984679779383,0.00017121220925297997,-0.0001875630679940349,0.0003587752772470149
1620781200,1.21488,1.21499,1.21445,1.21468,435,1.2103511450201514,0.0010205083185983051,46.12717437687568,9.548433332384754e-05,-0.00021063275513853388,0.0003061170884623814
1620784800,1.21469,1.21469,1.21442,1.21442,229,1.2103916311393539,0.0009204405427851968,44.503073024331094,1.4324495107853608e-05,-0.00023343407468362227,0.0002477585697914759
1620788400,1.21442,1.21489,1.21372,1.21382,770,1.2104257442623456,0.0009537151370805193,40.92228404970692,-9.728876269776698e-05,-0.0002760378659913943,0.00017874910329362733
1620792000,1.21381,1.21381,1.21335,1.21352,847,1.2104565328766506,0.0008892197854697794,39.22293158831076,-0.0002075579673865846,-0.0003090456565441696,0.00010148768915758496
1620795600,1.21352,1.21373,1.21244,1.21245,599,1.2104763683704152,0.000942657147407144,33.82734444364351,-0.0003769420113177713,-0.000382743760380285,5.801749062513711e-06
1620799200,1.21245,1.21281,1.21154,1.21167,735,1.210488245302053,0.0009863028610861758,30.530296987843457,-0.0005675768946107329,-0.0004587029149385973,-0.00010887397967213562
1620802800,1.21168,1.21231,1.21167,1.21205,635,1.2105037851497937,0.0009401291462746822,33.90991251411103,-0.0006801532060838333,-0.00045702338112935814,-0.0002231298249544752
1620806400,1.21204,1.21285,1.212,1.21221,712,1.210520762411985,0.0009281119267713936,35.33635127137628,-0.0007478394534652377,-0.00041976770280861,-0.0003280717506566277
1620810000,1.21222,1.2137,1.21222,1.21315,1137,1.210546923980025,0.0010030303365352066,43.10559770712156,-0.0007173618472429144,-0.00031143207726902933,-0.0004059297699738851
1620813600,1.21314,1.21435,1.21282,1.21334,1923,1.2105747157812188,0.0010732929583305165,44.555658958937826,-0.0006701516218863279,-0.00021137748152995426,-0.00045877414035637367
1620817200,1.21333,1.21362,1.21261,1.21345,1404,1.2106033255744406,0.001064853897219775,45.4229220336222,-0.0006167515692923065,-0.00012638194314874623,-0.0004903696261435602
1620820800,1.21344,1.21367,1.21263,1.21351,968,1.2106322477080282,0.001061540044257129,45.919828828873676,-0.000563099088550123,-5.818356992525018e-05,-0.0005049155186248729
1620824400,1.2135,1.21364,1.21205,1.2126,1035,1.210651827332824,0.0011320013716895091,39.975135855219825,-0.0005872391781276409,-6.585892760221446e-05,-0.0005213802505254265
1620828000,1.21259,1.21281,1.21173,1.2118,1111,1.2106632519364775,0.0011250678554642372,35.61056712195576,-0.0006632778331741029,-0.00011351806611894111,-0.0005497597670551618
1620831600,1.21182,1.21464,1.20725,1.21299,4037,1.2106864036585026,0.00196039214140234,45.195879281050495,-0.0006203647813365354,-5.6484011425098806e-05,-0.0005638807699114366
1620835200,1.21299,1.21516,1.20914,1.21011,5024,1.2106806682987166,0.00250167318921535,32.56207922890562,-0.0008094173500523549,-0.00019642926411273464,-0.0006129880859396203
1620838800,1.21009,1.2102,1.20662,1.20769,3775,1.210650910405197,0.0026454500973199587,25.98823382633863,-0.0011413597631484418,-0.00042269734176705713,-0.0007186624213813847
1620842400,1.20768,1.20825,1.20704,1.20734,2063,1.2106179660230558,0.0024540567510106517,25.195959432143102,-0.0014163418843702313,-0.0005581435703910773,-0.000858198313979154
1620846000,1.20732,1.20754,1.20656,1.20664,1792,1.2105783842715827,0.0022575158508758957,23.64348309470063,-0.0016714835248219373,-0.0006506281686742266,-0.0010208553561477107
1620849600,1.20663,1.20782,1.20657,1.20747,1980,1.2105474550748505,0.0021231804040924393,29.21293824112607,-0.0017861217499641757,-0.000612213115053172,-0.0011739086349110037
1620853200,1.20747,1.20823,1.20739,1.20798,1224,1.2105219082581855,0.0019520896835467745,32.47224817039329,-0.001814899598722608,-0.0005127927710492832,-0.0013021068276733248
1620856800,1.20797,1.20822,1.20719,1.20751,985,1.2104919390217856,0.001829144392407216,31.05322074373923,-0.0018542566073087574,-0.00044171982370834603,-0.0014125367836004114
1620860400,1.20752,1.20777,1.20696,1.20728,399,1.2104599794295292,0.0016932584734195844,30.354165667679712,-0.0018823083193653112,-0.00037581722861191984,-0.0015064910907533913
1620864000,1.20722,1.20747,1.20693,1.20708,181,1.2104263477934145,0.0015394906769636378,29.72748011416521,-0.0018987897653428565,-0.0003138389396715722,-0.0015849508256712843
1620867600,1.20707,1.20783,1.20707,1.20743,508,1.21039653338751,0.0014355585867018026,32.359335258599444,-0.0018621437214181302,-0.00022175431659747676,-0.0016403894048206535
1620871200,1.20744,1.20789,1.20727,1.20776,320,1.2103702992244503,0.001326817441808208,34.837360367977844,-0.0017858866360478398,-0.00011639778498174894,-0.0016694888510660909
1620874800,1.20776,1.20842,1.20708,1.2082,1105,1.2103487042072918,0.001328575116233796,38.09388812258588,-0.001670689356785715,-9.604045756992675e-07,-0.0016697289522100158
1620878400,1.20819,1.20886,1.20772,1.2086,1180,1.2103313041654282,0.0013034317674026422,40.98148390864481,-0.001529487051303624,0.00011219352072511343,-0.0016416805720287375
1620882000,1.2086,1.20862,1.20784,1.20808,943,1.2103089031289564,0.0012336408650822903,38.469333876361205,-0.0014429098940023088,0.00015901654242114283,-0.0016019264364234517
1620885600,1.20808,1.20829,1.20752,1.20764,724,1.2102823468789172,0.0011718220830713396,36.43416376681317,-0.0013937350853590047,0.0001665530808515577,-0.0015602881662105624
1620889200,1.20764,1.20781,1.20718,1.20781,598,1.2102577464124604,0.001099579138661845,37.80326192481407,-0.0013257635391525913,0.00018761970164637705,-0.0015133832407989683
1620892800,1.20782,1.20783,1.20731,1.20732,568,1.210228515104874,0.0010223019201735797,35.434256843182595,-0.001296489381422239,0.0001735150875013837,-0.0014700044689236226
1620896400,1.20732,1.2099,1.20732,1.20951,2054,1.2102213657008454,0.0012299949974837725,50.396104252163326,-0.0010840781252925424,0.0003087410749048644,-0.0013928192001974068
1620900000,1.2095,1.21059,1.20844,1.20863,2394,1.21020553121626,0.0013526623311526159,45.803058353936294,-0.000975504313506681,0.0003338519093525809,-0.0013093562228592619
1620903600,1.20864,1.2094,1.20516,1.20624,2340,1.2101660731942079,0.0017376406869989368,36.16320118182702,-0.0010699777736344895,0.000191502759379818,-0.0012614805330143075
1620907200,1.20623,1.20713,1.20613,1.20664,1418,1.210130987888793,0.0016392885953990938,38.49625344400882,-0.0010998931310153282,0.00012926992159918368,-0.0012291630526145118
1620910800,1.20663,1.20699,1.20601,1.20693,1302,1.2100991372630339,0.0015513834493458788,40.202566070075875,-0.0010876627912876913,0.00011320020906145645,-0.0012008630003491477
1620914400,1.20692,1.20853,1.20675,1.20795,1344,1.2100777528126554,0.001581865656099777,45.888875026101545,-0.0009843180773554394,0.00017323593839496665,-0.001157554015750406
1620918000,1.20796,1.20937,1.20738,1.20815,2607,1.210058571192629,0.0016362835686198278,46.95403482772126,-0.000876178280657891,0.000225100588074012,-0.001101278868731903
1620921600,1.20815,1.20975,1.20778,1.20974,2551,1.2100554013300158,0.0016807790928038545,54.604575053689764,-0.0006546308242065813,0.00035731843562025745,-0.0010119492598268387
1620925200,1.20975,1.20997,1.20729,1.2074,2260,1.2100289794262347,0.001814008547096676,44.44518029328948,-0.00066026024351995,0.0002813512130455109,-0.000941611456565461
1620928800,1.20741,1.20747,1.20644,1.20691,1365,1.2099979448050782,0.001709474074150464,42.655486983059404,-0.0006962347430559124,0.000196301370807639,-0.0008925361138635514
1620932400,1.20692,1.20906,1.20673,1.20795,1422,1.2099775672448287,0.001792210864263728,47.488625797520584,-0.000633522630235861,0.00020721078690215237,-0.0008407334171380133
1620936000,1.20795,1.20796,1.20623,1.20629,1512,1.2099408750334375,0.001783916082361899,41.479269777395494,-0.0007095912298189511,0.00010491374985524993,-0.000814504979674201
1620939600,1.20628,1.20796,1.20623,1.20761,1146,1.2099176822470352,0.0017767272713803137,47.20084759695703,-0.0006558034804342583,0.0001269611993919542,-0.0007827646798262125
1620943200,1.2076,1.20868,1.20757,1.20859,783,1.209904471478408,0.001687830301862931,51.02893994066084,-0.0005280118992305738,0.00020380222447651094,-0.0007318141237070847
1620946800,1.20858,1.20858,1.20795,1.20795,279,1.2098850240010108,0.0015481195949478702,48.553162727864276,-0.0004729271914585276,0.00020710954579884581,-0.0006800367372573734
1620950400,1.20793,1.20826,1.20736,1.20825,173,1.2098687551054783,0.0014617036489548078,49.78306659507747,-0.00040044854928433793,0.0002236705503784284,-0.0006241190996627663
1620954000,1.20826,1.20828,1.20786,1.20786,248,1.2098487674924885,0.0013228098290941784,48.170844813332714,-0.0003702108832015494,0.00020312657316897363,-0.000573337456370523
1620957600,1.20786,1.20792,1.20755,1.20767,312,1.2098270882139563,0.001195768518548315,47.36605215625341,-0.00035745817179000383,0.00017270342766441535,-0.0005301615994544192
1620961200,1.20767,1.20776,1.20711,1.20752,653,1.209804132112325,0.0011229993827418783,46.70266998784089,-0.0003553589457916395,0.00013984212293022377,-0.0004952010687218633
1620964800,1.20751,1.20844,1.2073,1.20825,959,1.2097886681112073,0.001125266131709617,50.34731807156819,-0.00029143096022843373,0.0001630160867947437,-0.0004544470470231774
1620968400,1.20826,1.20852,1.20762,1.20795,747,1.2097703729061207,0.0010952306474816844,48.868343049930466,-0.0002619554050409256,0.00015399331358580148,-0.0004159487186267271
1620972000,1.20795,1.20855,1.20788,1.20854,516,1.2097581303896419,0.001038533227817453,51.86320695588261,-0.0001888112475003645,0.00018170997690109008,-0.00037052122440145457
1620975600,1.20854,1.20878,1.20851,1.20853,309,1.20974591018676,0.000936062130775125,51.8078190166707,-0.00013015059703436194,0.00019229650189367414,-0.0003224470989280361
1620979200,1.20854,1.20976,1.20846,1.20963,583,1.2097447568515685,0.0009845871800050893,57.220018550408874,5.041087485446738e-06,0.0002619905491307863,-0.00025694946164533955
1620982800,1.20964,1.21107,1.20928,1.21073,1859,1.2097545602659807,0.0010919755560044348,61.8357319936818,0.00019865233789251313,0.00036448143963028215,-0.00016582910173776902
1620986400,1.21072,1.21177,1.21056,1.21155,1811,1.2097724253379611,0.001107712148537168,64.87790888228187,0.0004134913251017114,0.0004634563414715843,-4.9965016369872946e-05
1620990000,1.21154,1.21291,1.21132,1.21249,1600,1.209799465881862,0.0011720171953988764,68.02452138579841,0.0006520860720593546,0.0005616408707433821,9.044520131597258e-05
1620993600,1.2125,1.21264,1.21055,1.21098,1227,1.209811212490003,0.0012944149026790162,58.896326865647545,0.0007111322576009993,0.0004965496450280214,0.0002145826125729779
1620997200,1.21099,1.21151,1.21031,1.21137,1151,1.2098267228134854,0.0012818262489884926,60.37529158470396,0.0007804005538787351,0.00045265435304460574,0.00032774620083412935
1621000800,1.21136,1.21256,1.21103,1.21195,1483,1.2098478499496697,0.0013149160824566977,62.53432240558065,0.0008720449392372043,0.0004354389907224599,0.00043660594851474435
1621004400,1.21195,1.21359,1.21183,1.21291,2842,1.2098783191043994,0.0013742606047958026,65.85096811340375,0.0010104894583731205,0.00045910680788670093,0.0005513826504864196
1621008000,1.21292,1.21447,1.21243,1.21414,2212,1.2099207238894303,0.0014630258574897012,69.56813927750794,0.0012055614952075633,0.0005233430757769149,0.0006822184194306484
1621011600,1.21413,1.21475,1.21317,1.21342,2426,1.209955542557197,0.0014786224098243964,65.1009576648296,0.0012872212221268775,0.00048400224215698335,0.0008032189799698942
1621015200,1.21342,1.21424,1.21318,1.21398,1135,1.2099955869098618,0.001422806088514485,66.88220741824395,0.0013812028176090063,0.0004623870701112897,0.0009188157474977166
1621018800,1.21399,1.21435,1.21341,1.21371,859,1.2100325462440922,0.0013584319433792124,65.15548429322845,0.0014175564571738963,0.0003989925677409436,0.0010185638894329527
1621022400,1.21369,1.21386,1.21339,1.21353,668,1.2100673467789769,0.0012399743509286468,63.969769288655996,0.0014155251895144882,0.00031756904006522845,0.0010979561494492598
1621026000,1.21353,1.21448,1.21353,1.21437,566,1.210110159248838,0.0012013111041381615,66.98889288582454,0.0014648109463111236,0.00029348383748949115,0.0011713271088216325
1621029600,1.21438,1.21451,1.21416,1.21432,633,1.210152048211536,0.0010878029569197497,66.6309897401224,0.0014827435370059483,0.0002491331425474525,0.0012336103944584958
1621033200,1.21432,1.21446,1.21414,1.21443,365,1.2101946148959983,0.000985429229330463,67.04809968496009,0.0014886708540799987,0.0002040483676972022,0.0012846224863827965
1621209600,1.21426,1.2144,1.21365,1.21408,106,1.2102332754442968,0.000958038665419735,64.29425507726656,0.0014484296255301565,0.00013104571131788804,0.0013173839142122685
1621213200,1.21405,1.21497,1.21385,1.21458,381,1.210276526434901,0.0009796335100304382,66.41636236019419,0.0014402813168312711,9.831792209520217e-05,0.001341963394736069
1621216800,1.21458,1.21509,1.21458,1.21499,257,1.2103234266693796,0.0009170157086930479,68.09107371231832,0.0014501904046957392,8.658160796773612e-05,0.0013636087967280031
1621220400,1.21498,1.21498,1.21323,1.21339,867,1.2103539398368486,0.0010294136142006394,56.29353166484115,0.001313792221060206,-3.98532605342377e-05,0.0013536454815944437
1621224000,1.21339,1.2138,1.21315,1.21325,904,1.2103827563558849,0.0009788251323072262,55.38921753275113,0.001180787464980737,-0.0001382864132909653,0.0013190738782717024
1621227600,1.21325,1.21353,1.21291,1.21352,675,1.2104139727105527,0.000930981781332938,56.82956623713916,0.001084663653636575,-0.00018752817970810187,0.001272191833344677
1621231200,1.2135,1.21385,1.21316,1.21318,640,1.2104414953701494,0.0008988508771552235,54.44565085664121,0.0009698696287525621,-0.00024185776367369183,0.001211727392426254
1621234800,1.21317,1.21339,1.2129,1.21294,434,1.2104663561127351,0.0008443374268678443,52.76311649639278,0.0008497333456811695,-0.00028959523739606756,0.001139328583077237
1621238400,1.21295,1.21314,1.21261,1.21269,504,1.2104884819225588,0.0008024257699521506,50.99527180222429,0.0007259828863437345,-0.0003306765573868021,0.0010566594437305366
1621242000,1.21268,1.2142,1.21266,1.21376,1284,1.2105210343412398,0.0009007690006251805,57.55085154782643,0.0007061102143692821,-0.00028043938348900374,0.0009865495978582859
1621245600,1.21375,1.21461,1.21316,1.21356,1580,1.2105512728055061,0.0009739998005418167,56.04175932134652,0.0006665392011200311,-0.0002560083173906039,0.0009225475185106349
1621249200,1.21355,1.21496,1.21336,1.21482,1057,1.2105937477029638,0.0010574664938029139,62.681010981992685,0.0007284532026925472,-0.0001552754526544703,0.0008837286553470175
1621252800,1.21481,1.2159,1.21415,1.21553,1158,1.2106428646412428,0.0011498042946291812,65.814269175561,0.0008252980392216003,-4.674449290033387e-05,0.0008720425321219341
1621256400,1.21553,1.21685,1.21553,1.21667,1078,1.2107028361373497,0.0011724970553452889,70.14807842337466,0.00098270868847683,8.853292508391659e-05,0.0008941757633929133
1621260000,1.21668,1.21685,1.21458,1.21468,1224,1.2107424099071276,0.0013188307812992497,56.6478463273175,0.0009360907220703485,3.353196694194801e-05,0.0009025587551284005
1621263600,1.21467,1.21521,1.21347,1.21397,1671,1.2107745252314348,0.0013749866771259967,52.74738191011562,0.000832260797141382,-5.623836638961484e-05,0.0008884991635309969
1621267200,1.21397,1.21498,1.21377,1.21469,1565,1.2108134851793808,0.0013529884535091884,56.05206785571569,0.0007988640092666532,-7.170812341147491e-05,0.0008705721326781282
1621270800,1.21469,1.21531,1.21389,1.21445,2244,1.2108496694064517,0.0013619233263746269,54.67931976272958,0.0007444492722219476,-0.00010089828836494453,0.0008453475605868921
1621274400,1.21444,1.21564,1.21424,1.21545,1271,1.2108954438402184,0.0013670002161913523,59.166646565047905,0.000773104970865246,-5.7794071777316955e-05,0.0008308990426425629
1621278000,1.21546,1.21574,1.21522,1.2156,634,1.210942255344296,0.0012540668540325156,59.80946891362695,0.000798711515718642,-2.575002153913685e-05,0.0008244615372577788
1621281600,1.21559,1.21575,1.2152,1.21565,566,1.210989098574701,0.0011601912734948536,60.035316640837515,0.000813660101963043,-8.641148235788757e-06,0.0008223012501988317
1621285200,1.21566,1.21613,1.21565,1.21587,476,1.2110376647580374,0.0010694991036955446,61.071872831056076,0.0008336493350380447,9.078467871370373e-06,0.0008245708671666744
1621288800,1.21587,1.21601,1.21566,1.21577,434,1.211084752670893,0.0009735658898694816,60.30620487039184,0.0008318329297829496,5.809650093020172e-06,0.0008260232796899295
1621292400,1.21578,1.21588,1.21516,1.21516,327,1.2111253023955608,0.000939757104553558,55.71735112834505,0.0007722692740443904,-4.300320451643136e-05,0.0008152724785608217
1621296000,1.21511,1.21535,1.21469,1.21523,158,1.2111661451577942,0.0009024561572797346,56.129889014222705,0.0007223858483342838,-7.430930418123049e-05,0.0007966951525155143
1621299600,1.21524,1.21553,1.2152,1.21529,271,1.2112071785393088,0.0008261286696424289,56.503929117955515,0.0006798573997197632,-9.347020223660085e-05,0.0007733276019563641
1621303200,1.21529,1.21576,1.21524,1.21563,211,1.211251186713047,0.0007853115136900856,58.65514153132323,0.0006659122345691326,-8.593229390978523e-05,0.0007518445284789178
1621306800,1.21563,1.21587,1.21536,1.21563,628,1.2112947569945094,0.0007486033118647423,58.65514153132323,0.0006473977919632112,-8.355738921256533e-05,0.0007309551811757766
1621310400,1.21564,1.21675,1.21558,1.21663,957,1.211347843989589,0.0008047895369494291,64.62330811112278,0.0007052865016941023,-2.0534943585339424e-05,0.0007258214452794418
1621314000,1.21664,1.2169,1.21624,1.21628,652,1.2113969201687973,0.0007854842653561858,61.28864347729378,0.0007146832229738553,-8.910577844469208e-06,0.0007235938008183245
1621317600,1.21629,1.21687,1.21623,1.21675,453,1.2114501846447299,0.0007660863633086909,63.97683001531858,0.0007513936658798404,2.223989204921267e-05,0.0007291537738306277
1621321200,1.21674,1.21674,1.21631,1.21643,435,1.2114997350462748,0.0007226081815341983,60.877182159269665,0.0007460654525910382,1.352934300832831e-05,0.0007325361095827099
1621324800,1.21644,1.21673,1.21637,1.21667,404,1.2115511804687,0.0006742604239963236,62.35049461938141,0.0007525340552554383,1.599835653818269e-05,0.0007365356987172556
1621328400,1.21666,1.21903,1.21652,1.21832,1455,1.2116185319068224,0.0009190257007968155,70.55915652379535,0.0008806500937506012,0.00011529151602667647,0.0007653585777239247
1621332000,1.21833,1.22052,1.21833,1.22024,1590,1.2117043176589934,0.001089822274023904,76.87689006773161,0.0011241524020444427,0.00028703505945641434,0.0008371173425880283
1621335600,1.22023,1.22193,1.21999,1.22185,1512,1.211805269722088,0.0012031793041540574,80.63042512516466,0.0014305527586615518,0.00047474833285881873,0.0009558044258027331
1621339200,1.22184,1.22233,1.22132,1.22174,1314,1.2119041227596792,0.0011774220636001772,79.67875104069287,0.0016455324938042803,0.0005517824544012378,0.0010937500394030426
1621342800,1.22175,1.22184,1.22077,1.22078,1047,1.2119924399461501,0.001163099121786837,71.72250880661986,0.0017186302065932413,0.0004999041337521589,0.0012187260728410824
1621346400,1.22077,1.22191,1.22068,1.22175,1053,1.2120895300959398,0.001172019238881934,74.49388209469636,0.001833693882350218,0.0004919742476073084,0.0013417196347429096
1621350000,1.22176,1.22335,1.2217,1.22212,1472,1.2121893357666271,0.0012357500070310002,75.48100556743881,0.0019324623589989098,0.00047259417940480005,0.0014598681795941098
1621353600,1.22212,1.22227,1.22115,1.22119,1959,1.2122788946147203,0.0012203166727602016,68.32347858810911,0.001913634671370401,0.000363013193421033,0.001550621477949368
1621357200,1.2212,1.22235,1.22052,1.22183,1853,1.2123739304892007,0.0013016077830588413,70.40340860249374,0.001928129962585956,0.00030200678770927027,0.0016261231748766858
1621360800,1.22182,1.22196,1.21995,1.22018,1285,1.2124516028226415,0.0013960600786509752,59.54755819628463,0.0017858897495774961,0.00012781325976064816,0.001658076489816848
1621364400,1.22019,1.22168,1.2201,1.22166,916,1.2125432286652023,0.0014205854014975301,64.79173413461957,0.0017721586453731675,9.126572444505547e-05,0.001680892920928112
1621368000,1.22167,1.22239,1.2215,1.22233,487,1.2126406094745037,0.001349840681297867,66.88468563498533,0.0017946524110776796,9.100759211965403e-05,0.0017036448189580256
1621371600,1.22233,1.22298,1.22222,1.22292,642,1.2127428919672947,0.0012711952571248012,68.65189388420951,0.0018388893795238115,0.00010819564845262878,0.0017306937310711827
1621375200,1.22291,1.223,1.22263,1.22264,487,1.2128413706541874,0.0011510358895081587,66.8291915146314,0.0018302557863743019,7.964964424249507e-05,0.0017506061421318068
1621378800,1.22263,1.22275,1.2222,1.22227,423,1.2129351878616084,0.0010708977709070774,64.39613922610884,0.0017731182899023423,1.8009718216428425e-05,0.001755108571685914
1621382400,1.22225,1.22246,1.22209,1.22244,125,1.2130297631067666,0.000977444734786161,65.0261679301988,0.0017217072224113839,-2.672107941962404e-05,0.001748428301831008
1621386000,1.22245,1.22251,1.22218,1.22242,181,1.2131231982997341,0.0008911187701479984,64.88070759714864,0.0016602118593069815,-7.05731540192212e-05,0.0017307850133262026
1621389600,1.22241,1.22253,1.22216,1.22223,276,1.2132138132420254,0.0008216362674615961,63.42908685821054,0.001577955243093232,-0.0001222638161863768,0.0017002190592796088
1621393200,1.22223,1.22326,1.22213,1.22266,859,1.213307805150065,0.00086275143180006,65.32018429265291,0.0015298287746283723,-0.0001363122277209894,0.0016661410023493617
1621396800,1.22265,1.22273,1.22199,1.22219,1031,1.213396185198323,0.0008463845742267434,61.572370047632205,0.0014371960283996454,-0.00018315597915977296,0.0016203520075594184
1621400400,1.22218,1.22246,1.22173,1.22223,808,1.2134840838530663,0.0008308666309965268,61.773391884597224,0.0013514330958452891,-0.00021513512937130358,0.0015665682252165927
1621404000,1.22222,1.22307,1.22212,1.22297,448,1.213578471078409,0.0008467510801969907,65.38138528521534,0.0013278703071393227,-0.00019095833446181607,0.0015188286416011388
1621407600,1.22296,1.22349,1.22296,1.22313,479,1.2136735111671813,0.0008045176028373813,66.12584531077466,0.0013070405404080887,-0.00016943048095444026,0.001476471021362529
1621411200,1.22313,1.22422,1.22307,1.22395,565,1.2137757647874083,0.0008505819224590617,69.7197733144575,0.0013412389791180868,-0.00010818563379555381,0.0014494246129136406
1621414800,1.22394,1.22448,1.22354,1.22381,1332,1.213875607923852,0.0008625043327978455,68.38574407199135,0.0013415797618212544,-8.6275880873909e-05,0.0014278556426951634
1621418400,1.22382,1.22448,1.22163,1.22212,2107,1.2139576416758535,0.0011275037550914687,54.76361868849921,0.0011917432837473818,-0.00018888988715822538,0.0013806331709056072
1621422000,1.22211,1.22261,1.22047,1.22165,1771,1.2140341825547007,0.0012625032544126102,51.68042230917017,0.001023276034159526,-0.0002858857093968651,0.001309161743556391
1621425600,1.22164,1.22202,1.22079,1.22108,1518,1.2141042901909724,0.0012581694871576041,48.14059417392503,0.0008341546729822014,-0.0003800056564593518,0.0012141603294415532
1621429200,1.22107,1.22157,1.22004,1.22068,1271,1.214169720139321,0.0012944135555365945,45.771298947452074,0.0006445677982938047,-0.0004556740249181989,0.0011002418232120036
1621432800,1.22068,1.22087,1.21892,1.22067,1807,1.2142343995409197,0.0013818250814650347,45.71072992261941,0.00048788785033782034,-0.0004898831782993466,0.000977771028637167
1621436400,1.22068,1.22153,1.22026,1.22078,1795,1.2142995298937465,0.001366915070603044,46.548632513204666,0.00036834785863049113,-0.00048753853600534073,0.0008558863946358319
1621440000,1.22077,1.22385,1.22039,1.22284,3025,1.2143845096957988,0.0016459930611893072,59.23698083108367,0.0004348239579070601,-0.00033684994938301747,0.0007716739072900775
1621443600,1.22285,1.22308,1.22119,1.2216,3080,1.214456305619224,0.0016785273196973924,51.337159717322024,0.00038303373417303277,-0.0003109121384936358,0.0006939458726666686
1621447200,1.22159,1.22227,1.22133,1.22156,1441,1.214526989145401,0.0015800570104043989,51.10041963313067,0.000334901408066024,-0.0002872355716805157,0.0006221369797465397
1621450800,1.22157,1.22207,1.22104,1.22106,1035,1.2145919942285315,0.0015067160756838237,48.11364200702516,0.0002534883160101309,-0.00029491893098912707,0.000548407246999258
1621454400,1.22106,1.22145,1.22064,1.22079,806,1.21465366592775,0.0014138205989259777,46.53199861048795,0.00016527591264980934,-0.00030650506747955894,0.0004717809801293683
1621458000,1.2208,1.22108,1.21687,1.21712,4663,1.2146782065652848,0.001786644519069187,31.41502786232494,-0.00019848338813255317,-0.0005362114946095371,0.000337728106476984
1621461600,1.21711,1.21764,1.21599,1.21733,2122,1.2147045925696103,0.0017684252498599822,32.76110986083486,-0.0004644659356045633,-0.0006417552336652379,0.00017728929806067457
1621465200,1.21732,1.21795,1.21721,1.21757,527,1.2147331040863307,0.0016313018832120093,34.34700234362886,-0.0006484184621355915,-0.0006605662081570129,1.2147746021421346e-05
1621468800,1.21741,1.21774,1.21658,1.21754,282,1.2147610333989045,0.0015684616321170815,34.23829471387256,-0.0007875445901912581,-0.0006397538689701435,-0.00014779072122111456
1621472400,1.21757,1.21769,1.21723,1.21727,294,1.2147859982407065,0.0014206667478347912,33.219261469005964,-0.0009091101367855181,-0.0006090555324515228,-0.0003000546043339953
1621476000,1.21726,1.2177,1.21693,1.21704,399,1.2148084261189085,0.0013339111814568106,32.33635233414539,-0.001012341147515583,-0.0005698292345452701,-0.0004425119129703129
1621479600,1.21704,1.21846,1.2169,1.21846,1135,1.214844760187377,0.00136405635726257,42.49780208845979,-0.0009684071399962413,-0.00042071618162074277,-0.0005476909583754985
1621483200,1.21848,1.21849,1.21698,1.21812,1324,1.214877349638249,0.001383515509627577,40.91348538172181,-0.0009500724373527891,-0.0003219051831818325,-0.0006281672541709566
1621486800,1.21812,1.21813,1.21726,1.21769,846,1.2149053362090128,0.001315046775010557,38.93648610958547,-0.000959182599813424,-0.00026481227651397384,-0.0006943703232994502
1621490400,1.2177,1.21845,1.2177,1.2182,554,1.2149381189333013,0.0012410405383424953,42.486239631055895,-0.0009147055749627597,-0.00017626820133064762,-0.0007384373736321121
1621494000,1.2182,1.2185,1.21793,1.21823,427,1.214970873968791,0.0011515684665634905,42.6972615391663,-0.0008670417455218793,-0.00010288349751181377,-0.0007641582480100655
1621497600,1.21821,1.21823,1.21772,1.21788,480,1.2149998204964647,0.0010660260043550266,40.81571624648263,-0.0008477376997144681,-6.686356136352209e-05,-0.000780874138350946
1621501200,1.21788,1.21977,1.21782,1.21845,1580,1.2150341506407787,0.0011838892037743722,45.0617275765524,-0.0007774825333444202,2.7132840052207074e-06,-0.0007801958173496409
1621504800,1.21846,1.22044,1.21845,1.22027,1784,1.215086248644353,0.0012913706432711141,55.93278064045668,-0.0005683939268341653,0.00016944151241238053,-0.0007378354392465459
1621508400,1.22026,1.22044,1.21857,1.2188,1505,1.2151232013941606,0.001368521224168304,47.719395620834106,-0.0005153656006298135,0.00017797587089338597,-0.0006933414715231995
1621512000,1.21881,1.21916,1.21835,1.21872,1149,1.2151589904350149,0.0012940517276125271,47.3122156622709,-0.0004743278453345212,0.00017521090095094262,-0.0006495387462854638
1621515600,1.21873,1.21967,1.21813,1.21939,1381,1.2152010900326764,0.0013268448305975365,51.077273168691704,-0.00038332301887411546,0.00021297258192907878,-0.0005962956008031942
1621519200,1.2194,1.22024,1.21938,1.22022,1071,1.2152510294353362,0.0012645988531845426,55.33535083162933,-0.00024144376146084667,0.0002838814714738781,-0.0005253252329347248
1621522800,1.2202,1.22078,1.21964,1.21993,1448,1.2152975863563777,0.0012479856727599262,53.58060145823524,-0.00015066720637668674,0.0002997264212464305,-0.0004503936276231172
1621526400,1.21995,1.22154,1.21974,1.22095,1783,1.215353829278205,0.0013215875830586059,58.55838448593484,3.538552807214046e-06,0.00036314574434426504,-0.000359607191537051
1621530000,1.22096,1.22187,1.22074,1.22137,1833,1.2154136916734468,0.0012960425719841353,60.43956848362446,0.00015781897891642416,0.00041394093636278013,-0.00025612195744635597
1621533600,1.22138,1.22262,1.22081,1.22245,1136,1.2154837046916216,0.0013645702290529292,64.85720560558894,0.00036304929590924573,0.0004953370026844813,-0.00013228770677523564
1621537200,1.22244,1.22244,1.22139,1.22182,1115,1.215546752406133,0.0013239608651792135,60.60568891622266,0.0004694485551381966,0.0004813890095307458,-1.1940454392549192e-05
1621540800,1.22183,1.22184,1.22121,1.22153,714,1.215606287208062,0.0012314327498220026,58.69824020926719,0.0005243260539058436,0.0004290132066387143,9.531284726712938e-05
1621544400,1.22154,1.2222,1.2215,1.22196,700,1.2156695082308673,0.0011605750498457255,60.67460760952155,0.0005956480138644693,0.00040026813327787193,0.00019537988058659737
1621548000,1.22195,1.22278,1.22183,1.22278,549,1.2157402593927493,0.001132498376532963,64.19339001066193,0.0007101521361809748,0.0004118178044755019,0.0002983343317054729
1621551600,1.2228,1.22289,1.2225,1.22257,488,1.215808217010732,0.0010334985929952496,62.64737971021397,0.0007750183045354131,0.0003813471782639521,0.000393671126271461
1621555200,1.22261,1.22292,1.22209,1.22291,198,1.215878881518088,0.0010063654472625642,64.15267975109305,0.0008441297662995506,0.00036036691202247163,0.000483762854277079
1621558800,1.22292,1.22298,1.22259,1.22259,281,1.2159456588164157,0.000924183387627541,61.63508544637904,0.000863130144989066,0.0003034938325695896,0.0005596363124194764
1621562400,1.22258,1.22281,1.22249,1.22249,339,1.216010776639138,0.000843625602610519,60.83167874133525,0.0008602030326234633,0.00024045337616318942,0.0006197496564602739
1621566000,1.22251,1.22377,1.22239,1.22338,1411,1.2160841022447186,0.000915142188929108,65.18168506910412,0.0009191039784040012,0.00023948345755498183,0.0006796205208490193
1621569600,1.22339,1.22391,1.22314,1.22324,1237,1.2161553052074578,0.0008957898970719149,63.97801243480428,0.0009436092324666134,0.00021119096929407522,0.0007324182631725382
1621573200,1.22323,1.22329,1.22275,1.22319,1135,1.2162253021705678,0.0008483512441289909,63.526815087290764,0.0009480665200376492,0.00017251860549208874,0.0007755479145455605
1621576800,1.2232,1.22328,1.22297,1.2232,750,1.2162947021489703,0.0007765710782451298,63.58213289745927,0.0009415522408404708,0.00013280346103592832,0.0008087487798045425
1621580400,1.2232,1.22345,1.22304,1.22328,568,1.2163642076002243,0.0007276949344791154,64.05185654822695,0.0009321002871578443,9.868120588264132e-05,0.000833419081275203
1621584000,1.22329,1.22369,1.22321,1.22336,705,1.216433817474849,0.0006946689432152382,64.54434731053743,0.0009204544512282364,6.962829596242673e-05,0.0008508261552658097
1621587600,1.22336,1.22396,1.22224,1.22261,1468,1.216495272027338,0.0008313797507865323,56.70152585052085,0.0008410116515542576,-7.851602969241719e-06,0.0008488632545234993
1621591200,1.2226,1.22357,1.22099,1.22165,3110,1.2165465628529368,0.0010645291173483316,48.566714388855026,0.0006926047668915913,-0.00012500679010552646,0.0008176115569971178
1621594800,1.22164,1.22249,1.22127,1.22236,2121,1.2166044079986789,0.001085258568368554,53.841188477590734,0.0006250768114790528,-0.000154027796414452,0.0007791046078935048
1621598400,1.22237,1.22329,1.22198,1.22259,1887,1.2166639661280454,0.0011152240925860698,55.435517433661325,0.0005833944895863308,-0.00015656809464573932,0.0007399625842320701
1621602000,1.2226,1.22377,1.22186,1.22191,1795,1.216716165470055,0.0012211942135746043,49.94308821440875,0.0004898440152876216,-0.00020009485515555883,0.0006899388704431804
1621605600,1.2219,1.22214,1.21848,1.21862,2302,1.2167351090972185,0.0015463683184313232,32.93886848910918,0.00014851707371121847,-0.0004331374373855695,0.000581654511096788
1621609200,1.21864,1.22062,1.21787,1.22056,2635,1.2167731677131666,0.0017068525426404842,44.860476524948595,3.4161013231504e-05,-0.00043799479829222717,0.00047215581152373117
1621612800,1.22057,1.22098,1.21754,1.21851,3046,1.2167904496264683,0.0019379388702884047,37.312144615778365,-0.00021935625367675016,-0.0005532096521603851,0.00033385339848363493
1621616400,1.21852,1.21897,1.21706,1.21886,3105,1.2168110421674985,0.0019342136875832945,39.19335351708769,-0.00038756087870539524,-0.0005771314217512242,0.00018957054304582892
1621620000,1.21885,1.21915,1.21748,1.21772,1783,1.2168200865240408,0.0018989851959055298,35.46066322722188,-0.0006058686518339851,-0.0006363513559038512,3.0482704069866127e-05
1621623600,1.21772,1.21785,1.21609,1.21641,1459,1.2168160060611153,0.0018804538364514867,31.721962462904838,-0.000874504443865165,-0.0007239897183480249,-0.0001505147255171401
1621627200,1.21641,1.21765,1.21628,1.21765,1023,1.2168243045082683,0.0018123933249246048,38.34803035613593,-0.0009760908399709667,-0.0006604608915630613,-0.00031562994840790543
1621630800,1.21765,1.21815,1.21757,1.21812,824,1.2168371970007235,0.0016480742149346608,40.69718192779787,-0.0010070649014217725,-0.0005531479624110937,-0.00045391693901067885
1621634400,1.21811,1.21871,1.21785,1.21856,873,1.2168543393191242,0.0015429976529433543,42.891036635378285,-0.000984756090291361,-0.00042467132102454576,-0.0005600847692668153
1621638000,1.21855,1.21877,1.21784,1.21804,442,1.2168661369378395,0.0014612646325508905,40.96238785677918,-0.0009975368668668771,-0.00034996167808004955,-0.0006475751887868276
1621814400,1.21701,1.21796,1.21701,1.21778,173,1.216875230102637,0.0014037626815441165,39.994028739715176,-0.001016923095046085,-0.0002954783250074058,-0.0007214447700386792
1621818000,1.21779,1.21815,1.21726,1.21787,826,1.216885128310571,0.0013352609906715754,40.518219049751174,-0.0010133433809975667,-0.00023351888876710987,-0.0007798244922304568
1621821600,1.21788,1.21841,1.21788,1.21806,476,1.2168968185761375,0.0012292261919153635,41.67655219377822,-0.0009838339938541552,-0.0001632076012989586,-0.0008206263925551965
1621825200,1.21805,1.21871,1.21774,1.21804,1322,1.2169081935156787,0.0011946626996599703,41.58475176464647,-0.0009510977618316652,-0.00010437709542117487,-0.0008467206664104903
1621828800,1.21806,1.21845,1.21771,1.21845,1619,1.2169235348737317,0.0011340410063719693,44.29367073204325,-0.0008819044431607193,-2.8147021400183126e-05,-0.0008537574217605361
1621832400,1.21844,1.21852,1.21769,1.21783,1122,1.2169325544272271,0.0010935022055223878,41.183491170319364,-0.0008671016499779416,-1.0675382573924284e-05,-0.0008564262674040173
1621836000,1.21782,1.21821,1.2175,1.21812,980,1.2169443698060607,0.0010423685781194012,43.19276189669312,-0.0008224886165730805,2.715012066474955e-05,-0.00084963873723783
1621839600,1.21811,1.21832,1.21788,1.21795,437,1.216954376076647,0.0009620527677034806,42.280920602375794,-0.0007917235491865515,4.633215044102287e-05,-0.0008380556996275744
1621843200,1.21796,1.21899,1.21796,1.21893,944,1.216974034026133,0.0009724457320096737,48.96903781229835,-0.0006804207351467362,0.00012610797158467055,-0.0008065287067314067
1621846800,1.21892,1.2195,1.21867,1.21898,1695,1.2169939938865695,0.0009534529677417317,49.29188023620837,-0.0005814749892731896,0.00018004297396657378,-0.0007615179632397634
1621850400,1.21899,1.21995,1.2189,1.21977,1996,1.217021615837947,0.0009663259053761669,54.21992979850055,-0.00043430695487911564,0.0002617688066885183,-0.0006960757615676339
1621854000,1.21978,1.22042,1.21753,1.21967,2610,1.2170479679191617,0.0012228157846593526,53.51100807568508,-0.00032203220479964934,0.0002992348454143877,-0.000621267050214037
1621857600,1.21966,1.22118,1.21929,1.22116,2241,1.2170888836612597,0.0013117736800380986,61.57306761690652,-0.0001115373754803084,0.00040778373978698297,-0.0005193211152672914
1621861200,1.22117,1.2219,1.22106,1.22141,1752,1.2171318798437347,0.0012488705226996791,62.74060317439496,7.459432698309065e-05,0.00047513235380030564,-0.000400538026817215
1621864800,1.22142,1.22159,1.22049,1.22091,1734,1.2171694730791205,0.0012290211196730391,58.88698736195299,0.00017968789071365343,0.0004641807340246948,-0.00028449284331104135
1621868400,1.22095,1.22156,1.22068,1.22103,1526,1.2172078862823135,0.0011824849703832995,59.529460019842,0.0002695510772181553,0.00044323513642335736,-0.00017368405920520203
1621872000,1.22102,1.22225,1.22036,1.22219,2490,1.2172574595531362,0.0012768203076655488,65.19205117712514,0.00042942051305838724,0.00048248365781087144,-5.306314475248417e-05
1621875600,1.2222,1.22297,1.22137,1.22169,2131,1.2173015644332046,0.0013199109333101187,61.21612131228576,0.0005098946236108404,0.0004503662146906596,5.952840892018074e-05
1621879200,1.22169,1.22241,1.22072,1.22095,1431,1.2173378672746653,0.0013692561422020987,55.792762559321226,0.0005081020364523514,0.00035885890202573653,0.00014924313442661488
1621882800,1.22096,1.22151,1.22047,1.22151,896,1.2173793810331266,0.0013253553232418392,58.769638001238896,0.0005455796158988502,0.0003170691851777882,0.00022851043072106197
1621886400,1.2215,1.22176,1.22056,1.22163,846,1.217421675749215,0.0013086412801429097,59.40054506882849,0.0005782976098709369,0.00027982974331989993,0.000298467866551037
1621890000,1.22162,1.22169,1.22103,1.22137,541,1.2174609625576804,0.0012221557761238394,57.35278285302042,0.0005766003389384711,0.00022250597790994726,0.0003540943610285238
1621893600,1.22136,1.22173,1.22128,1.22161,659,1.2175022465123306,0.001119201672640669,58.76586862187774,0.0005878449233769345,0.00018700044987872855,0.00040084447349820595
1621897200,1.22162,1.2218,1.22142,1.22157,372,1.217542721671412,0.0010206414496219196,58.41844348323227,0.000586764812342988,0.00014873627107582564,0.0004380285412671624
1621900800,1.22139,1.22167,1.22103,1.22155,215,1.217582595087617,0.0009698892563389936,58.233064535368584,0.0005776363514207183,0.0001116862481228447,0.00046595010329787364
1621904400,1.22155,1.22171,1.22144,1.22163,410,1.2176228677733123,0.0008765706888271269,58.79630170165342,0.0005702834392860012,8.346666879050201e-05,0.0004868167704954992
1621908000,1.22163,1.22165,1.22127,1.22141,480,1.2176605506810405,0.0008103612636501533,56.53832723832909,0.0005404737965672979,4.292562085743889e-05,0.000497548175709859
1621911600,1.2214,1.22218,1.22115,1.22217,1212,1.2177054208235176,0.000839646428496811,61.97150319277931,0.0005715861984649795,5.923041820409642e-05,0.0005123557802608831
1621915200,1.22218,1.22299,1.22211,1.2225,1794,1.217753128079005,0.0008450269046972352,64.07174129291164,0.0006157729954108238,8.273377211995248e-05,0.0005330392232908713
1621918800,1.22251,1.22284,1.22229,1.22284,903,1.21780374372001,0.0008056899840709143,66.14625249827647,0.0006704974318170187,0.00010996656682091786,0.0005605308649961008
1621922400,1.22283,1.22286,1.22249,1.22264,665,1.2178518656730448,0.0007475979861947899,63.81215605766258,0.0006897772901770516,0.00010339714014476057,0.000586380150032291
1621926000,1.22263,1.22313,1.22254,1.22292,643,1.217902294870328,0.0007265849213688299,65.64016110240662,0.000719358064787512,0.00010638233180417672,0.0006129757329833352
1621929600,1.22293,1.22301,1.2222,1.22238,707,1.2179468491502252,0.000737706931852983,59.40746289592189,0.0006912591495704667,6.262673326970524e-05,0.0006286324163007615
1621933200,1.22237,1.22532,1.22205,1.22457,2733,1.2180127511487304,0.0010753460076059031,71.30675576340094,0.0008360675875103141,0.00016594813696764205,0.000670119450542672
1621936800,1.22458,1.2262,1.2244,1.22558,2731,1.2180880471572009,0.0011719665399251194,74.95334344272933,0.0010205634566942123,0.00028035520492123215,0.0007402082517729802
1621940400,1.22556,1.22616,1.22447,1.22589,2713,1.2181656785287711,0.0012410376679350995,75.96308612850343,0.0011782104942972271,0.0003504017940193975,0.0008278087002778296
1621944000,1.2259,1.22616,1.22527,1.22549,1661,1.2182385573493806,0.001194232645543731,71.93337097021121,0.0012563873984672291,0.0003428629585515196,0.0009135244399157095
1621947600,1.22548,1.22586,1.22476,1.2248,1677,1.218303845335954,0.0011816682928045507,65.4804386323595,0.00124827656955806,0.0002678017037138804,0.0009804748658441796
1621951200,1.22481,1.22602,1.22462,1.2256,1636,1.2183764438898252,0.0012107791870972864,68.95747560839118,0.0012915142213296704,0.0002488314843883926,0.0010426827369412778
1621954800,1.22559,1.22662,1.22503,1.22536,1323,1.2184459320103245,0.001261341962150979,66.7841568620727,0.0012915264644970392,0.00019907498204460908,0.0010924514824524301
1621958400,1.22535,1.22566,1.2241,1.22479,1985,1.2185090570649482,0.0013011630338641824,61.80226006982441,0.0012313477209446866,0.00011111699079380515,0.0011202307301508814
1621962000,1.22478,1.22537,1.22407,1.22459,1830,1.2185695639598244,0.001301007962682302,60.10794951966525,0.0011542122640766372,2.7185227140604602e-05,0.0011270270369360326
1621965600,1.22459,1.22485,1.2231,1.22326,1438,1.2186162349651992,0.001360873567657984,50.2434617066187,0.0009745282193613924,-0.00012199905405971224,0.0010965272734211047
1621969200,1.22326,1.22396,1.22268,1.22396,1036,1.2186694067565904,0.0013500904253035792,54.47790169514333,0.000878484842796956,-0.0001744339444993189,0.001052918787296275
1621972800,1.22397,1.22495,1.22379,1.22477,826,1.218730109176923,0.0013247450352631088,58.84270166674342,0.0008578413444311206,-0.0001560619542921235,0.001013903298723244
1621976400,1.22478,1.22568,1.22464,1.22558,693,1.2187982672945656,0.0012867790305613812,62.69479006810906,0.0008965070782538387,-9.391697637552436e-05,0.000990424054629363
1621980000,1.22556,1.22556,1.22462,1.22473,575,1.2188572895105403,0.001243208493153177,56.697789328455585,0.0008487778716674832,-0.00011331694636950395,0.0009620948180369871
1621983600,1.22472,1.22493,1.22459,1.22491,259,1.2189175154855598,0.0011227806940660877,57.62222993303187,0.0008160694862031637,-0.00011682026546705883,0.0009328897516702225
1621987200,1.22487,1.22554,1.22465,1.22497,131,1.2189777392120718,0.001091743268190617,57.94452592590835,0.0007859296458967435,-0.0001175680846187832,0.0009034977305155267
1621990800,1.22498,1.22547,1.22495,1.2253,388,1.2190406472796134,0.0010155108324318783,59.75733038885437,0.000779684134022629,-9.905087719431821e-05,0.0008787350112169472
1621994400,1.22532,1.22536,1.22463,1.22474,359,1.2190973572569308,0.0009774427214409476,55.39370357358931,0.000721233272764854,-0.0001260013907616747,0.0008472346635265287
1621998000,1.22473,1.22535,1.22447,1.22451,833,1.219151214398653,0.0009644503585821535,53.66055394490959,0.0006488716775028269,-0.00015869038881896147,0.0008075620663217884
1622001600,1.22452,1.22482,1.22424,1.22435,888,1.2192029436086165,0.0009131903107712031,52.431572381508346,0.0005720200381666984,-0.000188433622524072,0.0007604536606907704
1622005200,1.22436,1.22529,1.22419,1.22497,959,1.2192603272543021,0.0009380982693350562,56.58133341476269,0.0005547485824113352,-0.00016456406262354824,0.0007193126450348834
1622008800,1.22497,1.22603,1.22497,1.22579,812,1.2193252991224186,0.0009543518334237235,61.380027834556714,0.0006003079993277538,-9.520371656570367e-05,0.0006955117158934575
1622012400,1.22579,1.22609,1.2256,1.22593,481,1.2193910175391112,0.0008924382556338776,62.14919476320707,0.0006403296735575381,-4.4145633868735486e-05,0.0006844753074262736
1622016000,1.22594,1.22627,1.22554,1.22557,545,1.2194524999516574,0.0008707798215493469,58.90065689819556,0.0006356705331556078,-3.904381941653267e-05,0.0006747143525721405
1622019600,1.22556,1.22562,1.22435,1.22494,1585,1.2195071019421884,0.000924009178676085,53.6187377925812,0.0005745196905826422,-8.015572959159866e-05,0.0006546754201742408
1622023200,1.22493,1.22496,1.2233,1.2244,1523,1.2195557874950025,0.0010221412881859398,49.51965132965288,0.0004769853302697413,-0.00014215207192359966,0.000619137402193341
1622026800,1.22441,1.22481,1.22328,1.22406,1373,1.2196006055298783,0.0010898557830944853,47.07920396976458,0.0003680112835255933,-0.0002009008949341981,0.0005689121784597914
1622030400,1.22407,1.22467,1.22375,1.22449,1222,1.2196492562211234,0.0010672083453485582,50.407931956529715,0.0003127408903953466,-0.00020493703045155586,0.0005176779208469024
1622034000,1.22448,1.22448,1.22331,1.22382,1058,1.2196907561592216,0.0010822472326354412,45.59549648946985,0.00021242658363629374,-0.000244201069768487,0.0004566276534047807
1622037600,1.22383,1.22393,1.22254,1.22266,1332,1.2197203008740554,0.001123280934950716,38.70566713213504,3.887632525101381e-05,-0.0003342010625230136,0.0003730773877740274
1622041200,1.22265,1.22293,1.22172,1.22198,1753,1.2197427854424727,0.001134843476957308,35.33491955948665,-0.000151784148700429,-0.0004198892291795651,0.0002681050804791361
1622044800,1.22197,1.22344,1.22179,1.22279,1693,1.2197731059853338,0.0012035310133630204,41.83305443793168,-0.00023481689440396636,-0.000402337579906482,0.00016752068550251561
1622048400,1.22281,1.22397,1.22167,1.22172,1709,1.219792478065082,0.001349726878247947,36.600757155534986,-0.0003825511892494582,-0.000440057499801579,5.750631055212086e-05
1622052000,1.2217,1.22209,1.21976,1.22036,1701,1.2197981250495091,0.0014804299611482132,31.250552977743276,-0.0006024279024277046,-0.0005279473703838604,-7.448053204384424e-05
1622055600,1.22035,1.22051,1.21957,1.22,1083,1.219800133755484,0.0014083726329951103,30.000420869684728,-0.0007965486560299606,-0.0005776544991888931,-0.00021889415684106753
1622059200,1.21999,1.22019,1.2182,1.21873,1199,1.2197894856584146,0.0014859229485957833,26.042502592568724,-0.0010408706292959202,-0.0006575811779638821,-0.00038328945133203813
1622062800,1.21873,1.21928,1.21845,1.21928,701,1.2197844161493756,0.0013984665554496638,30.32930317857258,-0.001176554561293175,-0.0006346120879689094,-0.0005419424733242655
1622066400,1.21927,1.2196,1.21907,1.21923,559,1.219778899570775,0.0012826710147230314,30.158164576756054,-0.0012734402110199383,-0.0005851981901565382,-0.0006882420208634001
1622070000,1.21922,1.21969,1.21915,1.21923,366,1.2197734378835037,0.0011836482127599586,30.15816457675605,-0.0013348356321900567,-0.0005172748890613253,-0.0008175607431287315
1622073600,1.21921,1.21947,1.21876,1.21936,198,1.2197693240737175,0.001120495117725296,31.326632000941956,-0.0013573552854464488,-0.0004318356338541738,-0.000925519651592275
1622077200,1.21937,1.21967,1.21923,1.21927,356,1.219764355674974,0.0010297624353619228,30.940696358040856,-0.0013667099393033233,-0.00035295223016883854,-0.0010137577091344848
1622080800,1.21926,1.21941,1.2189,1.21915,273,1.2197582426831832,0.0009604607773136679,30.402873523943455,-0.0013680366915922448,-0.000283423185966208,-0.0010846135056260368
1622084400,1.21917,1.21924,1.21801,1.21882,903,1.2197489069350917,0.0009963993403385208,28.914401300672314,-0.0013798107944784643,-0.00023615783108194184,-0.0011436529633965225
1622088000,1.21883,1.21883,1.21753,1.21851,1138,1.2197365795029018,0.0010368794282933952,27.54988619372861,-0.0013980405241533767,-0.0002035100486054832,-0.0011945304755478935
1622091600,1.2185,1.21926,1.21844,1.21903,709,1.2197295488610818,0.001007962171187615,33.24103658012628,-0.0013549095086660135,-0.00012830322649449587,-0.0012266062821715176
1622095200,1.21904,1.21944,1.21865,1.21934,658,1.2197256727530115,0.0009789005483626088,36.44616746195294,-0.0012809474935844278,-4.34729691303282e-05,-0.0012374745244540996
1622098800,1.21934,1.21952,1.21909,1.21932,592,1.2197216362082055,0.0009057138085809184,36.32499755818588,-0.0012099977952317875,2.1981383377849776e-05,-0.0012319791786096373
1622102400,1.21933,1.21966,1.21883,1.21956,583,1.219720027887726,0.0008956186341034475,38.948058064289796,-0.0011214759769186955,8.840256135275357e-05,-0.001209878538271449
1622106000,1.21956,1.2202,1.21869,1.21979,1461,1.219720724127649,0.0009775361495563079,41.43782015437043,-0.0010209933446001518,0.00015110815493703787,-0.0011721014995371897
1622109600,1.2198,1.22081,1.21952,1.22057,1725,1.2197291746338417,0.0010191979962821352,49.029360431600765,-0.0008684101615059614,0.00024295307042498265,-0.001111363231930944
1622113200,1.22058,1.22148,1.21801,1.21823,1901,1.219714257473306,0.0013459715967778323,34.556641400709424,-0.0009256351871560486,0.00014858243581991636,-0.001074217622975965
1622116800,1.21824,1.21959,1.21822,1.21932,1144,1.2197103345133726,0.0013491753838741044,42.99744083241621,-0.000872969492868636,0.0001609985040858632,-0.0010339679969544992
1622120400,1.21933,1.22081,1.21932,1.22053,1207,1.2197184903888616,0.001367951999357556,50.61258078502422,-0.0007252346099613227,0.00024698670959454126,-0.000972221319555864
1622124000,1.22052,1.22105,1.21928,1.21958,1777,1.219717112375042,0.0014215583994432218,45.47584496402614,-0.0006770066007324438,0.00023617177505873624,-0.00091317837579118
1622127600,1.2196,1.2202,1.21846,1.21859,2177,1.2197058973265344,0.0014640172795174393,40.825775278583784,-0.0007104803074533539,0.000162158454670261,-0.0008726387621236149
1622131200,1.2186,1.2199,1.21799,1.21975,1995,1.2197063361591063,0.001523481642248458,47.588376444833884,-0.0006360738918362863,0.00018925189622986298,-0.0008253257880661492
1622134800,1.21975,1.22112,1.21922,1.22015,2324,1.2197107507246874,0.0015736840899486652,49.722132341688436,-0.0005386207298361256,0.0002293640465840189,-0.0007679847764201445
1622138400,1.22013,1.22031,1.21858,1.21934,1379,1.2197070616627503,0.0015945262112888445,45.66764928961515,-0.0005207457940261673,0.0001977911859151819,-0.0007185369799413492
1622142000,1.21935,1.21959,1.21857,1.21874,767,1.2196974391586435,0.0015179227164503347,42.87847296878229,-0.0005486700375476605,0.000135893553914951,-0.0006845635914626115
1622145600,1.21875,1.22036,1.21874,1.22014,950,1.2197018427491046,0.0015315330209236175,50.4786127999977,-0.00045261444443744914,0.00018555931762013003,-0.0006381737620575792
1622149200,1.22013,1.22045,1.21987,1.21987,432,1.2197035159555814,0.0014046619514671386,49.12120239272707,-0.0003937376755398514,0.00019554886921418222,-0.0005892865447540336
1622152800,1.21987,1.22006,1.21948,1.21993,393,1.2197057695281626,0.0012947070246048568,49.44653445439128,-0.00033833578907538353,0.0002007606045429201,-0.0005390963936183036
1622156400,1.21992,1.21992,1.21921,1.21932,232,1.219701931025395,0.0012180794213242164,46.21132978944761,-0.0003397350428246959,0.0001594890806348862,-0.0004992241234595821
1622160000,1.21927,1.21946,1.21906,1.2194,163,1.219698926736585,0.0011090021651476484,46.70383035607171,-0.0003305779334508152,0.00013491695200701354,-0.00046549488545782875
1622163600,1.21939,1.21957,1.21911,1.21916,307,1.2196935642814946,0.001022468543127979,45.361950644318824,-0.0003387815892581525,0.00010137063695974107,-0.00044015222621789356
1622167200,1.21916,1.2193,1.21898,1.21928,277,1.2196894492140171,0.0009288060707109282,46.19437250116903,-0.0003317755464944394,8.670134377876339e-05,-0.0004184768902732028
1622170800,1.21927,1.21927,1.21827,1.21842,764,1.2196768178785542,0.0009396319279494651,41.33411959021836,-0.00039110955234633593,2.1893870341493525e-05,-0.00041300342268782946
1622174400,1.21841,1.21869,1.21815,1.21824,858,1.2196625211832453,0.0008863476708895345,40.37657714574281,-0.0004474981945112866,-2.759581745876566e-05,-0.0004199023770525209
1622178000,1.21823,1.2186,1.21816,1.21856,565,1.219651550823213,0.0008268346481042628,42.908681341698816,-0.0004610505700590739,-3.291855440524236e-05,-0.00042813201565383154
1622181600,1.21857,1.21884,1.21828,1.21871,668,1.2196421821583054,0.0007912566950236803,44.10693444548197,-0.00045444857859311405,-2.1053250351425995e-05,-0.00043339532824168806
1622185200,1.21872,1.219,1.21851,1.21876,319,1.2196334042263821,0.0007510891356872032,44.5248995403384,-0.00044010857298770745,-5.3705957968155135e-06,-0.00043473797719089193
1622188800,1.21876,1.21883,1.21759,1.21772,656,1.2196143653783587,0.0008162772509289267,38.136766268526,-0.0005068210065106715,-5.766642345582363e-05,-0.0004491545830548479
1622192400,1.21771,1.21846,1.21716,1.21827,1494,1.2196009886084247,0.000880773617471747,42.80987711879024,-0.0005094382007919673,-4.822689418969555e-05,-0.0004612113066022718
1622196000,1.21826,1.21898,1.21776,1.21877,1648,1.2195927200650574,0.0009260038018088473,46.74810236470175,-0.00046579710570404664,-3.668639281419867e-06,-0.0004621284664226268
1622199600,1.21878,1.22002,1.21872,1.21972,1539,1.2195939865320717,0.0009758699615676782,53.3247484804417,-0.000350513659630014,8.929184543409027e-05,-0.0004398055050641043
1622203200,1.21971,1.21977,1.21829,1.21858,1014,1.2195838971138424,0.0010430873000253113,45.98543244221668,-0.0003471375846761937,7.41343363103285e-05,-0.0004212719209865222
1622206800,1.21859,1.21907,1.21727,1.21778,971,1.2195659478888292,0.001144008993355273,41.6528998836351,-0.000404354191653411,1.3534183466488959e-05,-0.0004178883751199
1622210400,1.21777,1.21814,1.21511,1.21569,1906,1.2195273812431693,0.001395474460907915,32.925340418707435,-0.0006112976393801706,-0.00015472741140821642,-0.00045657022797195414
1622214000,1.21568,1.21574,1.21329,1.21347,2556,1.2194671087929885,0.0015360778661202014,26.559463424779043,-0.0009435604814522769,-0.00038959220278425816,-0.0005539682786680187
1622217600,1.21348,1.21666,1.21328,1.21643,2322,1.2194368888049985,0.0017819341506375296,42.51771802172695,-0.0009570021898397396,-0.00032242712893737675,-0.0006345750609023629
1622221200,1.21642,1.2188,1.21631,1.21798,2680,1.2194223923989786,0.0018763429305525393,48.792617794685476,-0.0008329807113418575,-0.00015872452035159564,-0.0006742561909902618
1622224800,1.21798,1.21982,1.2179,1.21938,1563,1.2194219705840634,0.0018821638731455236,53.70802522107003,-0.0006146393169479403,4.769349923385729e-05,-0.0006623328161817976
1622228400,1.21937,1.22041,1.21925,1.22004,1145,1.2194281201304906,0.0017858753567261273,55.85916236873866,-0.00038392011259991143,0.00022273016286550892,-0.0006066502754654204
1622232000,1.22005,1.22048,1.21992,1.22015,866,1.2194353030147644,0.001622425309162659,56.224276930023,-0.00019000711645711377,0.00033331452720664523,-0.000523321643663759
1622235600,1.22015,1.22019,1.21951,1.21962,851,1.219437140795712,0.0014967686012743065,53.91045747511413,-7.819485889282163e-05,0.0003561014278167499,-0.00043429628670957153
1622239200,1.21963,1.21972,1.21922,1.21926,505,1.21943537820073,0.0013638661211043917,52.3349913814275,-1.841950201031395e-05,0.0003327014277594061,-0.00035112092976972005
1622242800,1.21925,1.21947,1.21895,1.21895,443,1.2194305485668917,0.001251350638290483,50.95410143572726,3.893606681293349e-06,0.0002840116291608107,-0.00028011802247951737
